date,percentage_of_daily_return,percentage_of_cumulative_return
2024-11-01T00:00:00.000Z,0.15,0.15
2024-11-02T00:00:00.000Z,-0.0,0.15
2024-11-03T00:00:00.000Z,0.19,0.34
2024-11-04T00:00:00.000Z,0.41,0.75
2024-11-05T00:00:00.000Z,-0.03,0.73
2024-11-06T00:00:00.000Z,-0.03,0.7
2024-11-07T00:00:00.000Z,0.42,1.12
2024-11-08T00:00:00.000Z,0.22,1.35
2024-11-09T00:00:00.000Z,-0.09,1.26
2024-11-10T00:00:00.000Z,0.17,1.43
2024-11-11T00:00:00.000Z,-0.09,1.34
2024-11-12T00:00:00.000Z,-0.09,1.25
2024-11-13T00:00:00.000Z,0.09,1.34
2024-11-14T00:00:00.000Z,-0.45,0.89
2024-11-15T00:00:00.000Z,-0.4,0.49
2024-11-16T00:00:00.000Z,-0.11,0.37
2024-11-17T00:00:00.000Z,-0.22,0.15
2024-11-18T00:00:00.000Z,0.11,0.26
2024-11-19T00:00:00.000Z,-0.2,0.06
2024-11-20T00:00:00.000Z,-0.32,-0.26
2024-11-21T00:00:00.000Z,0.4,0.13
2024-11-22T00:00:00.000Z,-0.03,0.11
2024-11-23T00:00:00.000Z,0.05,0.15
2024-11-24T00:00:00.000Z,-0.33,-0.17
2024-11-25T00:00:00.000Z,-0.11,-0.28
2024-11-26T00:00:00.000Z,0.06,-0.22
2024-11-27T00:00:00.000Z,-0.26,-0.48
2024-11-28T00:00:00.000Z,0.12,-0.35
2024-11-29T00:00:00.000Z,-0.12,-0.47
2024-11-30T00:00:00.000Z,-0.04,-0.52
2024-12-01T00:00:00.000Z,-0.12,-0.64
2024-12-02T00:00:00.000Z,0.49,-0.15
2024-12-03T00:00:00.000Z,0.03,-0.12
2024-12-04T00:00:00.000Z,-0.23,-0.35
2024-12-05T00:00:00.000Z,0.24,-0.12
2024-12-06T00:00:00.000Z,-0.28,-0.39
2024-12-07T00:00:00.000Z,0.08,-0.31
2024-12-08T00:00:00.000Z,-0.46,-0.77
2024-12-09T00:00:00.000Z,-0.3,-1.07
2024-12-10T00:00:00.000Z,0.08,-0.99
2024-12-11T00:00:00.000Z,0.21,-0.78
2024-12-12T00:00:00.000Z,0.07,-0.71
2024-12-13T00:00:00.000Z,0.0,-0.71
2024-12-14T00:00:00.000Z,-0.05,-0.75
2024-12-15T00:00:00.000Z,-0.34,-1.09
2024-12-16T00:00:00.000Z,-0.15,-1.24
2024-12-17T00:00:00.000Z,-0.09,-1.32
2024-12-18T00:00:00.000Z,0.29,-1.03
2024-12-19T00:00:00.000Z,0.12,-0.92
2024-12-20T00:00:00.000Z,-0.41,-1.32
2024-12-21T00:00:00.000Z,0.11,-1.21
2024-12-22T00:00:00.000Z,-0.07,-1.28
2024-12-23T00:00:00.000Z,-0.14,-1.42
2024-12-24T00:00:00.000Z,0.18,-1.24
2024-12-25T00:00:00.000Z,0.29,-0.95
2024-12-26T00:00:00.000Z,0.26,-0.69
2024-12-27T00:00:00.000Z,-0.18,-0.87
2024-12-28T00:00:00.000Z,-0.05,-0.92
2024-12-29T00:00:00.000Z,0.11,-0.81
2024-12-30T00:00:00.000Z,0.27,-0.53
2024-12-31T00:00:00.000Z,-0.09,-0.62
2025-01-01T00:00:00.000Z,-0.02,-0.64
2025-01-02T00:00:00.000Z,-0.25,-0.88
2025-01-03T00:00:00.000Z,-0.27,-1.15
2025-01-04T00:00:00.000Z,0.23,-0.92
2025-01-05T00:00:00.000Z,0.37,-0.55
2025-01-06T00:00:00.000Z,0.01,-0.54
2025-01-07T00:00:00.000Z,0.28,-0.26
2025-01-08T00:00:00.000Z,0.12,-0.14
2025-01-09T00:00:00.000Z,-0.13,-0.27
2025-01-10T00:00:00.000Z,0.12,-0.15
2025-01-11T00:00:00.000Z,0.41,0.26
2025-01-12T00:00:00.000Z,0.02,0.28
2025-01-13T00:00:00.000Z,0.42,0.7
2025-01-14T00:00:00.000Z,-0.62,0.07
2025-01-15T00:00:00.000Z,0.24,0.31
2025-01-16T00:00:00.000Z,0.05,0.36
2025-01-17T00:00:00.000Z,-0.04,0.32
2025-01-18T00:00:00.000Z,0.05,0.37
2025-01-19T00:00:00.000Z,-0.47,-0.1
2025-01-20T00:00:00.000Z,-0.02,-0.12
2025-01-21T00:00:00.000Z,0.12,-0.01
2025-01-22T00:00:00.000Z,0.4,0.39
2025-01-23T00:00:00.000Z,-0.1,0.29
2025-01-24T00:00:00.000Z,-0.17,0.12
2025-01-25T00:00:00.000Z,-0.1,0.03
2025-01-26T00:00:00.000Z,0.26,0.29
2025-01-27T00:00:00.000Z,0.11,0.4
2025-01-28T00:00:00.000Z,-0.1,0.29
2025-01-29T00:00:00.000Z,0.16,0.45
2025-01-30T00:00:00.000Z,0.05,0.51
2025-01-31T00:00:00.000Z,0.27,0.78
2025-02-01T00:00:00.000Z,-0.15,0.63
2025-02-02T00:00:00.000Z,-0.05,0.58
2025-02-03T00:00:00.000Z,-0.07,0.51
2025-02-04T00:00:00.000Z,-0.34,0.18
2025-02-05T00:00:00.000Z,0.1,0.28
2025-02-06T00:00:00.000Z,0.1,0.38
2025-02-07T00:00:00.000Z,0.03,0.41
2025-02-08T00:00:00.000Z,-0.03,0.38
2025-02-09T00:00:00.000Z,-0.32,0.05
2025-02-10T00:00:00.000Z,-0.08,-0.02
2025-02-11T00:00:00.000Z,-0.06,-0.08
2025-02-12T00:00:00.000Z,-0.17,-0.25
2025-02-13T00:00:00.000Z,-0.01,-0.26
2025-02-14T00:00:00.000Z,0.13,-0.13
2025-02-15T00:00:00.000Z,0.5,0.37
2025-02-16T00:00:00.000Z,0.07,0.45
2025-02-17T00:00:00.000Z,0.09,0.54
2025-02-18T00:00:00.000Z,0.01,0.55
2025-02-19T00:00:00.000Z,-0.45,0.1
2025-02-20T00:00:00.000Z,0.02,0.13
2025-02-21T00:00:00.000Z,0.05,0.17
2025-02-22T00:00:00.000Z,0.65,0.82
2025-02-23T00:00:00.000Z,-0.02,0.8
2025-02-24T00:00:00.000Z,0.11,0.91
2025-02-25T00:00:00.000Z,0.02,0.93
2025-02-26T00:00:00.000Z,-0.26,0.66
2025-02-27T00:00:00.000Z,0.32,0.98
2025-02-28T00:00:00.000Z,0.22,1.2
2025-03-01T00:00:00.000Z,0.23,1.43
2025-03-02T00:00:00.000Z,-0.2,1.23
2025-03-03T00:00:00.000Z,0.38,1.62
2025-03-04T00:00:00.000Z,-0.32,1.29
2025-03-05T00:00:00.000Z,0.18,1.47
2025-03-06T00:00:00.000Z,0.58,2.06
2025-03-07T00:00:00.000Z,-0.22,1.83
2025-03-08T00:00:00.000Z,-0.11,1.72
2025-03-09T00:00:00.000Z,0.05,1.78
2025-03-10T00:00:00.000Z,-0.1,1.68
2025-03-11T00:00:00.000Z,-0.36,1.31
2025-03-12T00:00:00.000Z,0.05,1.36
2025-03-13T00:00:00.000Z,-0.24,1.12
2025-03-14T00:00:00.000Z,0.15,1.27
2025-03-15T00:00:00.000Z,-0.2,1.07
2025-03-16T00:00:00.000Z,0.42,1.49
2025-03-17T00:00:00.000Z,-0.17,1.32
2025-03-18T00:00:00.000Z,-0.05,1.27
2025-03-19T00:00:00.000Z,0.23,1.51
2025-03-20T00:00:00.000Z,-0.28,1.23
2025-03-21T00:00:00.000Z,0.09,1.32
2025-03-22T00:00:00.000Z,0.36,1.68
2025-03-23T00:00:00.000Z,-0.37,1.3
2025-03-24T00:00:00.000Z,0.08,1.38
2025-03-25T00:00:00.000Z,0.09,1.47
2025-03-26T00:00:00.000Z,0.23,1.7
2025-03-27T00:00:00.000Z,-0.28,1.42
2025-03-28T00:00:00.000Z,-0.3,1.11
2025-03-29T00:00:00.000Z,0.16,1.28
2025-03-30T00:00:00.000Z,0.1,1.38
2025-03-31T00:00:00.000Z,0.09,1.47
2025-04-01T00:00:00.000Z,0.12,1.59
2025-04-02T00:00:00.000Z,-0.14,1.45
2025-04-03T00:00:00.000Z,0.09,1.54
2025-04-04T00:00:00.000Z,0.1,1.64
2025-04-05T00:00:00.000Z,-0.15,1.49
2025-04-06T00:00:00.000Z,0.5,2.0
2025-04-07T00:00:00.000Z,0.15,2.15
2025-04-08T00:00:00.000Z,-0.27,1.88
2025-04-09T00:00:00.000Z,0.19,2.07
2025-04-10T00:00:00.000Z,-0.21,1.86
2025-04-11T00:00:00.000Z,0.23,2.09
2025-04-12T00:00:00.000Z,0.32,2.41
2025-04-13T00:00:00.000Z,-0.18,2.23
2025-04-14T00:00:00.000Z,0.27,2.51
2025-04-15T00:00:00.000Z,0.13,2.65
2025-04-16T00:00:00.000Z,0.24,2.89
2025-04-17T00:00:00.000Z,0.5,3.41
2025-04-18T00:00:00.000Z,-0.03,3.37
2025-04-19T00:00:00.000Z,-0.16,3.21
2025-04-20T00:00:00.000Z,-0.19,3.01
2025-04-21T00:00:00.000Z,-0.17,2.83
2025-04-22T00:00:00.000Z,0.01,2.84
2025-04-23T00:00:00.000Z,0.12,2.96
2025-04-24T00:00:00.000Z,0.1,3.06
2025-04-25T00:00:00.000Z,0.24,3.31
2025-04-26T00:00:00.000Z,0.03,3.34
2025-04-27T00:00:00.000Z,0.39,3.75
2025-04-28T00:00:00.000Z,-0.04,3.71
2025-04-29T00:00:00.000Z,0.71,4.45
2025-04-30T00:00:00.000Z,0.19,4.64
2025-05-01T00:00:00.000Z,-0.18,4.45
2025-05-02T00:00:00.000Z,-0.24,4.2
2025-05-03T00:00:00.000Z,0.15,4.36
2025-05-04T00:00:00.000Z,-0.03,4.33
2025-05-05T00:00:00.000Z,0.21,4.55
2025-05-06T00:00:00.000Z,0.15,4.7
2025-05-07T00:00:00.000Z,0.01,4.72
2025-05-08T00:00:00.000Z,-0.18,4.53
2025-05-09T00:00:00.000Z,-0.35,4.16
2025-05-10T00:00:00.000Z,-0.08,4.08
2025-05-11T00:00:00.000Z,0.24,4.33
2025-05-12T00:00:00.000Z,0.08,4.42
2025-05-13T00:00:00.000Z,-0.28,4.12
2025-05-14T00:00:00.000Z,0.07,4.2
2025-05-15T00:00:00.000Z,0.13,4.33
2025-05-16T00:00:00.000Z,-0.19,4.13
2025-05-17T00:00:00.000Z,0.07,4.2
2025-05-18T00:00:00.000Z,0.04,4.25
2025-05-19T00:00:00.000Z,-0.26,3.98
2025-05-20T00:00:00.000Z,0.12,4.11
2025-05-21T00:00:00.000Z,0.17,4.29
2025-05-22T00:00:00.000Z,0.3,4.6
2025-05-23T00:00:00.000Z,0.29,4.91
2025-05-24T00:00:00.000Z,-0.31,4.58
2025-05-25T00:00:00.000Z,-0.2,4.36
2025-05-26T00:00:00.000Z,0.16,4.53
2025-05-27T00:00:00.000Z,0.16,4.69
2025-05-28T00:00:00.000Z,0.16,4.86
2025-05-29T00:00:00.000Z,0.99,5.9
2025-05-30T00:00:00.000Z,0.17,6.08
2025-05-31T00:00:00.000Z,0.31,6.42
2025-06-01T00:00:00.000Z,0.27,6.7
2025-06-02T00:00:00.000Z,0.19,6.91
2025-06-03T00:00:00.000Z,-0.05,6.86
2025-06-04T00:00:00.000Z,0.22,7.09
2025-06-05T00:00:00.000Z,-0.16,6.92
2025-06-06T00:00:00.000Z,-0.03,6.89
2025-06-07T00:00:00.000Z,-0.09,6.79
2025-06-08T00:00:00.000Z,0.05,6.84
2025-06-09T00:00:00.000Z,0.61,7.49
2025-06-10T00:00:00.000Z,-0.44,7.02
2025-06-11T00:00:00.000Z,0.2,7.24
2025-06-12T00:00:00.000Z,-0.37,6.84
2025-06-13T00:00:00.000Z,-0.09,6.74
2025-06-14T00:00:00.000Z,0.3,7.07
2025-06-15T00:00:00.000Z,0.05,7.12
2025-06-16T00:00:00.000Z,-0.24,6.86
2025-06-17T00:00:00.000Z,-0.15,6.7
2025-06-18T00:00:00.000Z,0.2,6.91
2025-06-19T00:00:00.000Z,-0.15,6.75
2025-06-20T00:00:00.000Z,0.08,6.84
2025-06-21T00:00:00.000Z,0.04,6.89
2025-06-22T00:00:00.000Z,-0.13,6.74
2025-06-23T00:00:00.000Z,0.57,7.35
2025-06-24T00:00:00.000Z,0.19,7.55
2025-06-25T00:00:00.000Z,-0.48,7.04
2025-06-26T00:00:00.000Z,0.08,7.12
2025-06-27T00:00:00.000Z,-0.14,6.97
2025-06-28T00:00:00.000Z,0.24,7.23
2025-06-29T00:00:00.000Z,-0.17,7.05
2025-06-30T00:00:00.000Z,0.0,7.06
2025-07-01T00:00:00.000Z,0.16,7.22
2025-07-02T00:00:00.000Z,0.25,7.49
2025-07-03T00:00:00.000Z,-0.27,7.2
2025-07-04T00:00:00.000Z,-0.05,7.14
2025-07-05T00:00:00.000Z,-0.09,7.04
2025-07-06T00:00:00.000Z,-0.13,6.9
2025-07-07T00:00:00.000Z,0.47,7.41
2025-07-08T00:00:00.000Z,0.13,7.55
2025-07-09T00:00:00.000Z,-0.29,7.24
2025-07-10T00:00:00.000Z,0.26,7.52
2025-07-11T00:00:00.000Z,0.56,8.12
2025-07-12T00:00:00.000Z,0.29,8.43
2025-07-13T00:00:00.000Z,-0.35,8.05
2025-07-14T00:00:00.000Z,-0.09,7.95
2025-07-15T00:00:00.000Z,0.35,8.33
2025-07-16T00:00:00.000Z,-0.15,8.17
2025-07-17T00:00:00.000Z,0.14,8.32
2025-07-18T00:00:00.000Z,0.22,8.56
2025-07-19T00:00:00.000Z,-0.2,8.34
2025-07-20T00:00:00.000Z,0.02,8.36
2025-07-21T00:00:00.000Z,-0.78,7.52
2025-07-22T00:00:00.000Z,-0.23,7.27
2025-07-23T00:00:00.000Z,-0.03,7.24
2025-07-24T00:00:00.000Z,-0.28,6.93
2025-07-25T00:00:00.000Z,0.44,7.4
2025-07-26T00:00:00.000Z,-0.33,7.05
2025-07-27T00:00:00.000Z,-0.08,6.97
2025-07-28T00:00:00.000Z,0.06,7.03
2025-07-29T00:00:00.000Z,0.39,7.45
2025-07-30T00:00:00.000Z,-0.33,7.1
2025-07-31T00:00:00.000Z,0.32,7.44
2025-08-01T00:00:00.000Z,0.03,7.48
2025-08-02T00:00:00.000Z,-0.22,7.24
2025-08-03T00:00:00.000Z,0.15,7.4
2025-08-04T00:00:00.000Z,0.08,7.49
2025-08-05T00:00:00.000Z,-0.12,7.36
2025-08-06T00:00:00.000Z,0.05,7.41
2025-08-07T00:00:00.000Z,-0.07,7.34
2025-08-08T00:00:00.000Z,0.06,7.4
2025-08-09T00:00:00.000Z,0.2,7.61
2025-08-10T00:00:00.000Z,0.43,8.07
2025-08-11T00:00:00.000Z,-0.28,7.77
2025-08-12T00:00:00.000Z,0.56,8.37
2025-08-13T00:00:00.000Z,-0.46,7.88
2025-08-14T00:00:00.000Z,-0.01,7.87
2025-08-15T00:00:00.000Z,0.18,8.06
2025-08-16T00:00:00.000Z,0.1,8.17
2025-08-17T00:00:00.000Z,-0.13,8.03
2025-08-18T00:00:00.000Z,-0.02,8.01
2025-08-19T00:00:00.000Z,-0.09,7.91
2025-08-20T00:00:00.000Z,-0.12,7.78
2025-08-21T00:00:00.000Z,0.24,8.04
2025-08-22T00:00:00.000Z,0.12,8.17
2025-08-23T00:00:00.000Z,-0.14,8.02
2025-08-24T00:00:00.000Z,0.25,8.29
2025-08-25T00:00:00.000Z,0.11,8.41
2025-08-26T00:00:00.000Z,0.23,8.66
2025-08-27T00:00:00.000Z,0.19,8.86
2025-08-28T00:00:00.000Z,-0.18,8.67
2025-08-29T00:00:00.000Z,-0.11,8.55
2025-08-30T00:00:00.000Z,0.22,8.79
2025-08-31T00:00:00.000Z,0.18,8.98
2025-09-01T00:00:00.000Z,0.02,9.01
2025-09-02T00:00:00.000Z,0.06,9.08
2025-09-03T00:00:00.000Z,0.35,9.46
2025-09-04T00:00:00.000Z,-0.12,9.33
2025-09-05T00:00:00.000Z,0.17,9.51
2025-09-06T00:00:00.000Z,-0.02,9.49
2025-09-07T00:00:00.000Z,-0.02,9.46
2025-09-08T00:00:00.000Z,0.3,9.8
2025-09-09T00:00:00.000Z,0.24,10.05
2025-09-10T00:00:00.000Z,0.23,10.31
2025-09-11T00:00:00.000Z,0.36,10.7
2025-09-12T00:00:00.000Z,0.04,10.74
2025-09-13T00:00:00.000Z,0.2,10.97
2025-09-14T00:00:00.000Z,-0.05,10.91
2025-09-15T00:00:00.000Z,0.11,11.04
2025-09-16T00:00:00.000Z,-0.0,11.03
2025-09-17T00:00:00.000Z,0.05,11.09
2025-09-18T00:00:00.000Z,0.18,11.29
2025-09-19T00:00:00.000Z,-0.17,11.1
2025-09-20T00:00:00.000Z,0.55,11.71
2025-09-21T00:00:00.000Z,-0.22,11.46
2025-09-22T00:00:00.000Z,-0.27,11.16
2025-09-23T00:00:00.000Z,0.32,11.52
2025-09-24T00:00:00.000Z,0.23,11.77
2025-09-25T00:00:00.000Z,0.19,11.98
2025-09-26T00:00:00.000Z,0.19,12.19
2025-09-27T00:00:00.000Z,0.03,12.22
2025-09-28T00:00:00.000Z,-0.19,12.0
2025-09-29T00:00:00.000Z,0.05,12.05
2025-09-30T00:00:00.000Z,-0.14,11.9
2025-10-01T00:00:00.000Z,0.27,12.2
2025-10-02T00:00:00.000Z,-0.01,12.2
2025-10-03T00:00:00.000Z,-0.18,12.0
2025-10-04T00:00:00.000Z,-0.05,11.94
2025-10-05T00:00:00.000Z,0.13,12.09
2025-10-06T00:00:00.000Z,-0.11,11.97
2025-10-07T00:00:00.000Z,-0.18,11.77
2025-10-08T00:00:00.000Z,0.09,11.87
2025-10-09T00:00:00.000Z,0.09,11.97
2025-10-10T00:00:00.000Z,-0.1,11.87
2025-10-11T00:00:00.000Z,-0.09,11.77
2025-10-12T00:00:00.000Z,0.09,11.87
2025-10-13T00:00:00.000Z,-0.33,11.49
2025-10-14T00:00:00.000Z,-0.32,11.14
2025-10-15T00:00:00.000Z,-0.15,10.97
2025-10-16T00:00:00.000Z,-0.02,10.94
2025-10-17T00:00:00.000Z,0.11,11.06
2025-10-18T00:00:00.000Z,0.4,11.51
2025-10-19T00:00:00.000Z,0.24,11.78
2025-10-20T00:00:00.000Z,-0.01,11.77
2025-10-21T00:00:00.000Z,0.03,11.8
2025-10-22T00:00:00.000Z,-0.22,11.55
2025-10-23T00:00:00.000Z,0.03,11.58
2025-10-24T00:00:00.000Z,-0.04,11.53
2025-10-25T00:00:00.000Z,0.11,11.65
2025-10-26T00:00:00.000Z,-0.18,11.46
2025-10-27T00:00:00.000Z,0.16,11.63
2025-10-28T00:00:00.000Z,0.41,12.1
2025-10-29T00:00:00.000Z,0.0,12.1
2025-10-30T00:00:00.000Z,0.13,12.24
2025-10-31T00:00:00.000Z,0.2,12.47
2025-11-01T00:00:00.000Z,-0.07,12.39
2025-11-02T00:00:00.000Z,0.09,12.49
2025-11-03T00:00:00.000Z,0.03,12.53
2025-11-04T00:00:00.000Z,0.05,12.59
2025-11-05T00:00:00.000Z,-0.16,12.4
2025-11-06T00:00:00.000Z,0.04,12.45
2025-11-07T00:00:00.000Z,0.15,12.62
2025-11-08T00:00:00.000Z,0.39,13.06
2025-11-09T00:00:00.000Z,0.27,13.37
2025-11-10T00:00:00.000Z,0.57,14.01
2025-11-11T00:00:00.000Z,-0.16,13.83
2025-11-12T00:00:00.000Z,0.25,14.11
2025-11-13T00:00:00.000Z,0.08,14.19
2025-11-14T00:00:00.000Z,0.58,14.85
2025-11-15T00:00:00.000Z,-0.17,14.66
2025-11-16T00:00:00.000Z,-0.18,14.45
2025-11-17T00:00:00.000Z,-0.12,14.31
2025-11-18T00:00:00.000Z,-0.5,13.74
2025-11-19T00:00:00.000Z,-0.1,13.63
2025-11-20T00:00:00.000Z,-0.16,13.44
2025-11-21T00:00:00.000Z,0.07,13.52
2025-11-22T00:00:00.000Z,0.12,13.65
2025-11-23T00:00:00.000Z,0.5,14.22
2025-11-24T00:00:00.000Z,0.27,14.52
2025-11-25T00:00:00.000Z,-0.11,14.39
2025-11-26T00:00:00.000Z,-0.19,14.17
2025-11-27T00:00:00.000Z,0.15,14.35
2025-11-28T00:00:00.000Z,-0.3,14.0
2025-11-29T00:00:00.000Z,0.49,14.56
2025-11-30T00:00:00.000Z,0.32,14.93
2025-12-01T00:00:00.000Z,-0.09,14.83
2025-12-02T00:00:00.000Z,-0.4,14.37
2025-12-03T00:00:00.000Z,0.37,14.79
2025-12-04T00:00:00.000Z,0.0,14.8
2025-12-05T00:00:00.000Z,0.34,15.19
2025-12-06T00:00:00.000Z,-0.37,14.76
2025-12-07T00:00:00.000Z,-0.12,14.62
2025-12-08T00:00:00.000Z,0.03,14.66
2025-12-09T00:00:00.000Z,0.04,14.71
2025-12-10T00:00:00.000Z,-0.08,14.61
2025-12-11T00:00:00.000Z,0.19,14.83
2025-12-12T00:00:00.000Z,-0.24,14.55
2025-12-13T00:00:00.000Z,-0.01,14.55
2025-12-14T00:00:00.000Z,0.06,14.62
2025-12-15T00:00:00.000Z,0.16,14.8
2025-12-16T00:00:00.000Z,0.21,15.04
2025-12-17T00:00:00.000Z,-0.25,14.75
2025-12-18T00:00:00.000Z,-0.35,14.34
2025-12-19T00:00:00.000Z,0.35,14.74
2025-12-20T00:00:00.000Z,0.11,14.87
2025-12-21T00:00:00.000Z,-0.16,14.69
2025-12-22T00:00:00.000Z,0.42,15.17
2025-12-23T00:00:00.000Z,0.06,15.24
2025-12-24T00:00:00.000Z,0.32,15.61
2025-12-25T00:00:00.000Z,0.05,15.67
2025-12-26T00:00:00.000Z,0.55,16.3
2025-12-27T00:00:00.000Z,0.47,16.84
2025-12-28T00:00:00.000Z,-0.03,16.8
2025-12-29T00:00:00.000Z,0.27,17.12
2025-12-30T00:00:00.000Z,0.19,17.35
2025-12-31T00:00:00.000Z,0.37,17.78
2026-01-01T00:00:00.000Z,-0.21,17.53
2026-01-02T00:00:00.000Z,0.2,17.77
2026-01-03T00:00:00.000Z,0.29,18.12
2026-01-04T00:00:00.000Z,-0.41,17.63
2026-01-05T00:00:00.000Z,-0.27,17.32
2026-01-06T00:00:00.000Z,-0.48,16.76
2026-01-07T00:00:00.000Z,-0.04,16.72
2026-01-08T00:00:00.000Z,0.21,16.96
2026-01-09T00:00:00.000Z,0.41,17.43
2026-01-10T00:00:00.000Z,0.05,17.49
2026-01-11T00:00:00.000Z,0.44,18.0
2026-01-12T00:00:00.000Z,-0.32,17.63
2026-01-13T00:00:00.000Z,-0.4,17.17
2026-01-14T00:00:00.000Z,0.02,17.19
2026-01-15T00:00:00.000Z,0.13,17.33
2026-01-16T00:00:00.000Z,0.02,17.36
2026-01-17T00:00:00.000Z,-0.49,16.79
2026-01-18T00:00:00.000Z,0.01,16.8
2026-01-19T00:00:00.000Z,-0.3,16.45
2026-01-20T00:00:00.000Z,0.2,16.68
2026-01-21T00:00:00.000Z,0.12,16.82
2026-01-22T00:00:00.000Z,-0.2,16.58
2026-01-23T00:00:00.000Z,-0.1,16.47
2026-01-24T00:00:00.000Z,-0.23,16.2
2026-01-25T00:00:00.000Z,0.01,16.21
2026-01-26T00:00:00.000Z,0.27,16.52
2026-01-27T00:00:00.000Z,-0.22,16.27
2026-01-28T00:00:00.000Z,0.16,16.45
2026-01-29T00:00:00.000Z,-0.1,16.33
2026-01-30T00:00:00.000Z,-0.17,16.14
2026-01-31T00:00:00.000Z,0.0,16.14
2026-02-01T00:00:00.000Z,-0.23,15.88
2026-02-02T00:00:00.000Z,-0.11,15.75
2026-02-03T00:00:00.000Z,-0.27,15.44
2026-02-04T00:00:00.000Z,0.52,16.04
2026-02-05T00:00:00.000Z,0.04,16.09
2026-02-06T00:00:00.000Z,-0.14,15.92
2026-02-07T00:00:00.000Z,0.08,16.01
2026-02-08T00:00:00.000Z,0.0,16.02
2026-02-09T00:00:00.000Z,-0.03,15.99
2026-02-10T00:00:00.000Z,0.18,16.2
2026-02-11T00:00:00.000Z,0.22,16.46
2026-02-12T00:00:00.000Z,-0.1,16.34
2026-02-13T00:00:00.000Z,-0.11,16.2
2026-02-14T00:00:00.000Z,-0.04,16.16
2026-02-15T00:00:00.000Z,-0.55,15.52
2026-02-16T00:00:00.000Z,-0.35,15.12
2026-02-17T00:00:00.000Z,0.37,15.55
2026-02-18T00:00:00.000Z,0.44,16.06
2026-02-19T00:00:00.000Z,-0.03,16.02
2026-02-20T00:00:00.000Z,0.17,16.22
2026-02-21T00:00:00.000Z,0.11,16.35
2026-02-22T00:00:00.000Z,0.8,17.28
2026-02-23T00:00:00.000Z,0.31,17.64
2026-02-24T00:00:00.000Z,-0.0,17.64
2026-02-25T00:00:00.000Z,-0.21,17.4
2026-02-26T00:00:00.000Z,-0.37,16.96
2026-02-27T00:00:00.000Z,0.08,17.05
2026-02-28T00:00:00.000Z,-0.16,16.87
2026-03-01T00:00:00.000Z,-0.33,16.49
2026-03-02T00:00:00.000Z,-0.13,16.33
2026-03-03T00:00:00.000Z,-0.24,16.05
2026-03-04T00:00:00.000Z,0.45,16.58
2026-03-05T00:00:00.000Z,0.25,16.87
2026-03-06T00:00:00.000Z,0.03,16.9
2026-03-07T00:00:00.000Z,0.4,17.37
2026-03-08T00:00:00.000Z,0.05,17.43
2026-03-09T00:00:00.000Z,-0.19,17.21
2026-03-10T00:00:00.000Z,0.41,17.69
2026-03-11T00:00:00.000Z,0.16,17.89
2026-03-12T00:00:00.000Z,-0.23,17.62
2026-03-13T00:00:00.000Z,-0.02,17.59
2026-03-14T00:00:00.000Z,-0.19,17.37
2026-03-15T00:00:00.000Z,-0.32,17.0
2026-03-16T00:00:00.000Z,0.26,17.31
2026-03-17T00:00:00.000Z,0.51,17.9
2026-03-18T00:00:00.000Z,-0.32,17.53
2026-03-19T00:00:00.000Z,0.17,17.73
2026-03-20T00:00:00.000Z,-0.13,17.57
2026-03-21T00:00:00.000Z,-0.09,17.46
2026-03-22T00:00:00.000Z,-0.12,17.32
2026-03-23T00:00:00.000Z,-0.19,17.11
2026-03-24T00:00:00.000Z,0.04,17.16
2026-03-25T00:00:00.000Z,-0.18,16.95
2026-03-26T00:00:00.000Z,0.1,17.06
2026-03-27T00:00:00.000Z,0.02,17.08
2026-03-28T00:00:00.000Z,-0.03,17.05
2026-03-29T00:00:00.000Z,-0.2,16.82
2026-03-30T00:00:00.000Z,-0.11,16.68
2026-03-31T00:00:00.000Z,0.22,16.94
2026-04-01T00:00:00.000Z,0.16,17.12
2026-04-02T00:00:00.000Z,-0.21,16.87
2026-04-03T00:00:00.000Z,0.05,16.93
2026-04-04T00:00:00.000Z,0.22,17.19
2026-04-05T00:00:00.000Z,-0.39,16.73
2026-04-06T00:00:00.000Z,0.17,16.93
2026-04-07T00:00:00.000Z,-0.14,16.77
2026-04-08T00:00:00.000Z,0.17,16.97
2026-04-09T00:00:00.000Z,-0.16,16.78
2026-04-10T00:00:00.000Z,-0.42,16.29
2026-04-11T00:00:00.000Z,-0.38,15.85
2026-04-12T00:00:00.000Z,0.04,15.9
2026-04-13T00:00:00.000Z,0.09,16.01
2026-04-14T00:00:00.000Z,-0.2,15.78
2026-04-15T00:00:00.000Z,0.19,16.0
2026-04-16T00:00:00.000Z,-0.39,15.56
2026-04-17T00:00:00.000Z,0.01,15.57
2026-04-18T00:00:00.000Z,-0.27,15.26
2026-04-19T00:00:00.000Z,-0.13,15.1
2026-04-20T00:00:00.000Z,0.04,15.15
2026-04-21T00:00:00.000Z,-0.19,14.94
2026-04-22T00:00:00.000Z,-0.07,14.86
2026-04-23T00:00:00.000Z,0.28,15.19
2026-04-24T00:00:00.000Z,-0.11,15.05
2026-04-25T00:00:00.000Z,0.24,15.33
2026-04-26T00:00:00.000Z,-0.25,15.04
2026-04-27T00:00:00.000Z,0.16,15.22
2026-04-28T00:00:00.000Z,0.39,15.67
2026-04-29T00:00:00.000Z,-0.59,14.99
2026-04-30T00:00:00.000Z,-0.17,14.8
2026-05-01T00:00:00.000Z,0.17,15.0
2026-05-02T00:00:00.000Z,-0.02,14.98
2026-05-03T00:00:00.000Z,0.12,15.12
2026-05-04T00:00:00.000Z,-0.12,14.98
2026-05-05T00:00:00.000Z,0.05,15.04
2026-05-06T00:00:00.000Z,-0.01,15.03
2026-05-07T00:00:00.000Z,0.32,15.4
2026-05-08T00:00:00.000Z,0.09,15.51
2026-05-09T00:00:00.000Z,0.11,15.64
2026-05-10T00:00:00.000Z,-0.07,15.55
2026-05-11T00:00:00.000Z,-0.09,15.45
2026-05-12T00:00:00.000Z,-0.08,15.36
2026-05-13T00:00:00.000Z,0.13,15.5
2026-05-14T00:00:00.000Z,-0.08,15.42
2026-05-15T00:00:00.000Z,0.1,15.54
2026-05-16T00:00:00.000Z,0.55,16.17
2026-05-17T00:00:00.000Z,0.25,16.46
2026-05-18T00:00:00.000Z,-0.05,16.4
2026-05-19T00:00:00.000Z,0.33,16.78
2026-05-20T00:00:00.000Z,-0.07,16.7
2026-05-21T00:00:00.000Z,-0.48,16.14
2026-05-22T00:00:00.000Z,-0.22,15.88
2026-05-23T00:00:00.000Z,-0.44,15.37
2026-05-24T00:00:00.000Z,-0.06,15.31
2026-05-25T00:00:00.000Z,0.03,15.35
2026-05-26T00:00:00.000Z,0.45,15.87
2026-05-27T00:00:00.000Z,0.11,15.99
2026-05-28T00:00:00.000Z,-0.02,15.97
2026-05-29T00:00:00.000Z,0.24,16.24
2026-05-30T00:00:00.000Z,-0.52,15.63
2026-05-31T00:00:00.000Z,0.09,15.74
2026-06-01T00:00:00.000Z,0.22,15.99
2026-06-02T00:00:00.000Z,-0.34,15.6
2026-06-03T00:00:00.000Z,0.32,15.97
2026-06-04T00:00:00.000Z,0.11,16.1
2026-06-05T00:00:00.000Z,-0.07,16.01
2026-06-06T00:00:00.000Z,0.19,16.23
2026-06-07T00:00:00.000Z,0.6,16.93
2026-06-08T00:00:00.000Z,0.08,17.01
2026-06-09T00:00:00.000Z,0.09,17.12
2026-06-10T00:00:00.000Z,-0.08,17.02
2026-06-11T00:00:00.000Z,-0.18,16.81
2026-06-12T00:00:00.000Z,0.24,17.09
2026-06-13T00:00:00.000Z,-0.18,16.87
2026-06-14T00:00:00.000Z,0.05,16.93
2026-06-15T00:00:00.000Z,-0.09,16.82
2026-06-16T00:00:00.000Z,0.15,17.0
2026-06-17T00:00:00.000Z,0.11,17.13
2026-06-18T00:00:00.000Z,0.29,17.47
2026-06-19T00:00:00.000Z,-0.1,17.35
2026-06-20T00:00:00.000Z,-0.04,17.31
2026-06-21T00:00:00.000Z,-0.21,17.06
2026-06-22T00:00:00.000Z,-0.08,16.96
2026-06-23T00:00:00.000Z,0.12,17.11
2026-06-24T00:00:00.000Z,0.22,17.37
2026-06-25T00:00:00.000Z,-0.2,17.13
2026-06-26T00:00:00.000Z,0.25,17.42
2026-06-27T00:00:00.000Z,0.37,17.85
2026-06-28T00:00:00.000Z,0.13,18.01
2026-06-29T00:00:00.000Z,0.5,18.6
2026-06-30T00:00:00.000Z,-0.16,18.41
2026-07-01T00:00:00.000Z,-0.28,18.07
2026-07-02T00:00:00.000Z,-0.41,17.58
2026-07-03T00:00:00.000Z,0.4,18.06
2026-07-04T00:00:00.000Z,0.19,18.29
2026-07-05T00:00:00.000Z,0.02,18.31
2026-07-06T00:00:00.000Z,0.1,18.42
2026-07-07T00:00:00.000Z,-0.25,18.13
2026-07-08T00:00:00.000Z,0.64,18.88
2026-07-09T00:00:00.000Z,0.06,18.96
2026-07-10T00:00:00.000Z,0.06,19.03
2026-07-11T00:00:00.000Z,0.21,19.28
2026-07-12T00:00:00.000Z,0.15,19.46
2026-07-13T00:00:00.000Z,0.09,19.56
2026-07-14T00:00:00.000Z,-0.17,19.36
2026-07-15T00:00:00.000Z,0.15,19.54
2026-07-16T00:00:00.000Z,0.5,20.13
2026-07-17T00:00:00.000Z,0.37,20.57
2026-07-18T00:00:00.000Z,0.43,21.09
2026-07-19T00:00:00.000Z,-0.1,20.97
2026-07-20T00:00:00.000Z,-0.22,20.71
2026-07-21T00:00:00.000Z,-0.0,20.71
2026-07-22T00:00:00.000Z,0.04,20.76
2026-07-23T00:00:00.000Z,0.3,21.13
2026-07-24T00:00:00.000Z,-0.39,20.65
2026-07-25T00:00:00.000Z,0.41,21.15
2026-07-26T00:00:00.000Z,-0.01,21.14
2026-07-27T00:00:00.000Z,-0.08,21.04
2026-07-28T00:00:00.000Z,-0.22,20.77
2026-07-29T00:00:00.000Z,-0.38,20.31
2026-07-30T00:00:00.000Z,0.24,20.59
2026-07-31T00:00:00.000Z,0.05,20.65
2026-08-01T00:00:00.000Z,-0.29,20.3
2026-08-02T00:00:00.000Z,-0.29,19.95
2026-08-03T00:00:00.000Z,-0.05,19.88
2026-08-04T00:00:00.000Z,0.45,20.42
2026-08-05T00:00:00.000Z,-0.03,20.38
2026-08-06T00:00:00.000Z,-0.35,19.96
2026-08-07T00:00:00.000Z,-0.03,19.92
2026-08-08T00:00:00.000Z,-0.04,19.88
2026-08-09T00:00:00.000Z,-0.64,19.1
2026-08-10T00:00:00.000Z,0.02,19.12
2026-08-11T00:00:00.000Z,-0.03,19.09
2026-08-12T00:00:00.000Z,0.2,19.33
2026-08-13T00:00:00.000Z,0.49,19.92
2026-08-14T00:00:00.000Z,0.31,20.29
2026-08-15T00:00:00.000Z,-0.04,20.25
2026-08-16T00:00:00.000Z,-0.25,19.95
2026-08-17T00:00:00.000Z,0.67,20.76
2026-08-18T00:00:00.000Z,0.04,20.81
2026-08-19T00:00:00.000Z,0.03,20.86
2026-08-20T00:00:00.000Z,0.02,20.88
2026-08-21T00:00:00.000Z,0.08,20.98
2026-08-22T00:00:00.000Z,-0.01,20.97
2026-08-23T00:00:00.000Z,-0.11,20.84
2026-08-24T00:00:00.000Z,-0.11,20.71
2026-08-25T00:00:00.000Z,0.02,20.73
2026-08-26T00:00:00.000Z,-0.11,20.61
2026-08-27T00:00:00.000Z,-0.15,20.43
2026-08-28T00:00:00.000Z,0.06,20.49
2026-08-29T00:00:00.000Z,-0.03,20.45
2026-08-30T00:00:00.000Z,0.41,20.94
2026-08-31T00:00:00.000Z,-0.63,20.18
2026-09-01T00:00:00.000Z,0.3,20.54
2026-09-02T00:00:00.000Z,0.34,20.95
2026-09-03T00:00:00.000Z,-0.49,20.36
2026-09-04T00:00:00.000Z,-0.06,20.3
2026-09-05T00:00:00.000Z,-0.06,20.22
2026-09-06T00:00:00.000Z,-0.32,19.83
2026-09-07T00:00:00.000Z,-0.16,19.64
2026-09-08T00:00:00.000Z,-0.25,19.34
2026-09-09T00:00:00.000Z,0.47,19.9
2026-09-10T00:00:00.000Z,0.26,20.22
2026-09-11T00:00:00.000Z,0.35,20.63
2026-09-12T00:00:00.000Z,0.21,20.89
2026-09-13T00:00:00.000Z,-0.25,20.58
2026-09-14T00:00:00.000Z,-0.1,20.46
2026-09-15T00:00:00.000Z,0.15,20.64
2026-09-16T00:00:00.000Z,-0.28,20.31
2026-09-17T00:00:00.000Z,0.21,20.56
2026-09-18T00:00:00.000Z,-0.03,20.53
2026-09-19T00:00:00.000Z,-0.06,20.45
2026-09-20T00:00:00.000Z,0.21,20.7
2026-09-21T00:00:00.000Z,0.14,20.87
2026-09-22T00:00:00.000Z,-0.06,20.8
2026-09-23T00:00:00.000Z,0.32,21.18
2026-09-24T00:00:00.000Z,-0.24,20.89
2026-09-25T00:00:00.000Z,0.18,21.11
2026-09-26T00:00:00.000Z,0.18,21.33
2026-09-27T00:00:00.000Z,-0.05,21.27
2026-09-28T00:00:00.000Z,0.11,21.41
2026-09-29T00:00:00.000Z,-0.28,21.06
2026-09-30T00:00:00.000Z,0.26,21.38
2026-10-01T00:00:00.000Z,-0.02,21.36
2026-10-02T00:00:00.000Z,-0.1,21.24
2026-10-03T00:00:00.000Z,0.29,21.59
2026-10-04T00:00:00.000Z,-0.15,21.42
2026-10-05T00:00:00.000Z,-0.32,21.02
2026-10-06T00:00:00.000Z,-0.36,20.59
2026-10-07T00:00:00.000Z,0.18,20.81
2026-10-08T00:00:00.000Z,-0.29,20.46
2026-10-09T00:00:00.000Z,0.47,21.02
2026-10-10T00:00:00.000Z,-0.49,20.43
2026-10-11T00:00:00.000Z,0.45,20.98
2026-10-12T00:00:00.000Z,0.08,21.08
2026-10-13T00:00:00.000Z,0.01,21.08
2026-10-14T00:00:00.000Z,-0.11,20.95
2026-10-15T00:00:00.000Z,0.13,21.11
2026-10-16T00:00:00.000Z,0.02,21.14
2026-10-17T00:00:00.000Z,0.31,21.51
2026-10-18T00:00:00.000Z,0.06,21.58
2026-10-19T00:00:00.000Z,0.07,21.66
2026-10-20T00:00:00.000Z,-0.06,21.59
2026-10-21T00:00:00.000Z,0.02,21.61
2026-10-22T00:00:00.000Z,0.11,21.74
2026-10-23T00:00:00.000Z,-0.4,21.25
2026-10-24T00:00:00.000Z,-0.31,20.88
2026-10-25T00:00:00.000Z,0.22,21.14
2026-10-26T00:00:00.000Z,0.07,21.23
2026-10-27T00:00:00.000Z,-0.02,21.21
2026-10-28T00:00:00.000Z,0.03,21.25
2026-10-29T00:00:00.000Z,0.12,21.39
2026-10-30T00:00:00.000Z,-0.1,21.26
2026-10-31T00:00:00.000Z,-0.16,21.07
2026-11-01T00:00:00.000Z,0.08,21.16
2026-11-02T00:00:00.000Z,-0.21,20.9
2026-11-03T00:00:00.000Z,0.13,21.06
2026-11-04T00:00:00.000Z,-0.4,20.58
2026-11-05T00:00:00.000Z,0.29,20.93
2026-11-06T00:00:00.000Z,0.15,21.11
2026-11-07T00:00:00.000Z,0.09,21.22
2026-11-08T00:00:00.000Z,0.28,21.55
2026-11-09T00:00:00.000Z,0.45,22.1
2026-11-10T00:00:00.000Z,0.28,22.44
2026-11-11T00:00:00.000Z,-0.43,21.92
2026-11-12T00:00:00.000Z,-0.29,21.56
2026-11-13T00:00:00.000Z,-0.13,21.41
2026-11-14T00:00:00.000Z,0.04,21.45
2026-11-15T00:00:00.000Z,0.16,21.65
2026-11-16T00:00:00.000Z,-0.15,21.46
2026-11-17T00:00:00.000Z,0.08,21.56
2026-11-18T00:00:00.000Z,-0.16,21.36
2026-11-19T00:00:00.000Z,-0.12,21.21
2026-11-20T00:00:00.000Z,-0.32,20.82
2026-11-21T00:00:00.000Z,-0.2,20.58
2026-11-22T00:00:00.000Z,-0.31,20.21
2026-11-23T00:00:00.000Z,-0.21,19.95
2026-11-24T00:00:00.000Z,0.29,20.31
2026-11-25T00:00:00.000Z,-0.21,20.06
2026-11-26T00:00:00.000Z,0.69,20.88
2026-11-27T00:00:00.000Z,0.15,21.07
2026-11-28T00:00:00.000Z,0.08,21.16
2026-11-29T00:00:00.000Z,-0.18,20.94
2026-11-30T00:00:00.000Z,0.21,21.18
2026-12-01T00:00:00.000Z,-0.11,21.05
2026-12-02T00:00:00.000Z,0.06,21.12
2026-12-03T00:00:00.000Z,0.67,21.93
2026-12-04T00:00:00.000Z,0.01,21.94
2026-12-05T00:00:00.000Z,0.32,22.33
2026-12-06T00:00:00.000Z,-0.15,22.15
2026-12-07T00:00:00.000Z,0.02,22.17
2026-12-08T00:00:00.000Z,0.47,22.75
2026-12-09T00:00:00.000Z,-0.13,22.59
2026-12-10T00:00:00.000Z,0.48,23.19
2026-12-11T00:00:00.000Z,0.21,23.44
2026-12-12T00:00:00.000Z,-0.11,23.31
2026-12-13T00:00:00.000Z,0.19,23.54
2026-12-14T00:00:00.000Z,0.27,23.87
2026-12-15T00:00:00.000Z,0.19,24.1
2026-12-16T00:00:00.000Z,-0.36,23.65
2026-12-17T00:00:00.000Z,-0.15,23.47
2026-12-18T00:00:00.000Z,-0.03,23.43
2026-12-19T00:00:00.000Z,0.01,23.44
2026-12-20T00:00:00.000Z,0.19,23.67
2026-12-21T00:00:00.000Z,0.07,23.76
2026-12-22T00:00:00.000Z,-0.3,23.39
2026-12-23T00:00:00.000Z,0.13,23.54
2026-12-24T00:00:00.000Z,0.18,23.77
2026-12-25T00:00:00.000Z,0.17,23.98
2026-12-26T00:00:00.000Z,0.3,24.35
2026-12-27T00:00:00.000Z,0.24,24.65
2026-12-28T00:00:00.000Z,0.14,24.83
2026-12-29T00:00:00.000Z,0.01,24.84
2026-12-30T00:00:00.000Z,-0.39,24.36
2026-12-31T00:00:00.000Z,0.14,24.53
2027-01-01T00:00:00.000Z,0.08,24.63
2027-01-02T00:00:00.000Z,0.1,24.76
2027-01-03T00:00:00.000Z,-0.29,24.39
2027-01-04T00:00:00.000Z,-0.24,24.1
2027-01-05T00:00:00.000Z,0.29,24.46
2027-01-06T00:00:00.000Z,0.02,24.48
2027-01-07T00:00:00.000Z,0.2,24.73
2027-01-08T00:00:00.000Z,0.04,24.78
2027-01-09T00:00:00.000Z,0.04,24.83
2027-01-10T00:00:00.000Z,0.26,25.16
2027-01-11T00:00:00.000Z,-0.1,25.03
2027-01-12T00:00:00.000Z,0.05,25.1
2027-01-13T00:00:00.000Z,-0.09,24.99
2027-01-14T00:00:00.000Z,-0.08,24.9
2027-01-15T00:00:00.000Z,-0.05,24.84
2027-01-16T00:00:00.000Z,0.09,24.94
2027-01-17T00:00:00.000Z,-0.09,24.83
2027-01-18T00:00:00.000Z,0.34,25.26
2027-01-19T00:00:00.000Z,-0.19,25.02
2027-01-20T00:00:00.000Z,-0.02,25.0
2027-01-21T00:00:00.000Z,-0.08,24.9
2027-01-22T00:00:00.000Z,0.39,25.39
2027-01-23T00:00:00.000Z,0.08,25.49
2027-01-24T00:00:00.000Z,0.29,25.85
2027-01-25T00:00:00.000Z,-0.34,25.42
2027-01-26T00:00:00.000Z,0.1,25.54
2027-01-27T00:00:00.000Z,0.25,25.86
2027-01-28T00:00:00.000Z,0.05,25.92
2027-01-29T00:00:00.000Z,0.3,26.29
2027-01-30T00:00:00.000Z,-0.1,26.17
2027-01-31T00:00:00.000Z,0.38,26.65
2027-02-01T00:00:00.000Z,0.6,27.42
2027-02-02T00:00:00.000Z,-0.06,27.34
2027-02-03T00:00:00.000Z,-0.08,27.23
2027-02-04T00:00:00.000Z,0.39,27.73
2027-02-05T00:00:00.000Z,0.42,28.28
2027-02-06T00:00:00.000Z,-0.1,28.15
2027-02-07T00:00:00.000Z,-0.08,28.05
2027-02-08T00:00:00.000Z,-0.04,28.0
2027-02-09T00:00:00.000Z,-0.31,27.61
2027-02-10T00:00:00.000Z,-0.2,27.35
2027-02-11T00:00:00.000Z,-0.22,27.07
2027-02-12T00:00:00.000Z,-0.16,26.87
2027-02-13T00:00:00.000Z,0.02,26.89
2027-02-14T00:00:00.000Z,0.09,27.01
2027-02-15T00:00:00.000Z,0.42,27.54
2027-02-16T00:00:00.000Z,-0.22,27.26
2027-02-17T00:00:00.000Z,0.28,27.61
2027-02-18T00:00:00.000Z,-0.02,27.58
2027-02-19T00:00:00.000Z,0.02,27.6
2027-02-20T00:00:00.000Z,0.2,27.85
2027-02-21T00:00:00.000Z,-0.25,27.53
2027-02-22T00:00:00.000Z,0.13,27.69
2027-02-23T00:00:00.000Z,0.07,27.78
2027-02-24T00:00:00.000Z,0.15,27.98
2027-02-25T00:00:00.000Z,0.1,28.11
2027-02-26T00:00:00.000Z,0.64,28.94
2027-02-27T00:00:00.000Z,-0.13,28.77
2027-02-28T00:00:00.000Z,-0.1,28.64
2027-03-01T00:00:00.000Z,-0.13,28.48
2027-03-02T00:00:00.000Z,-0.11,28.34
2027-03-03T00:00:00.000Z,-0.13,28.17
2027-03-04T00:00:00.000Z,0.33,28.59
2027-03-05T00:00:00.000Z,0.39,29.08
2027-03-06T00:00:00.000Z,-0.11,28.94
2027-03-07T00:00:00.000Z,-0.18,28.71
2027-03-08T00:00:00.000Z,0.15,28.9
2027-03-09T00:00:00.000Z,-0.11,28.76
2027-03-10T00:00:00.000Z,0.19,29.0
2027-03-11T00:00:00.000Z,0.08,29.11
2027-03-12T00:00:00.000Z,-0.35,28.66
2027-03-13T00:00:00.000Z,0.42,29.19
2027-03-14T00:00:00.000Z,0.48,29.81
2027-03-15T00:00:00.000Z,-0.12,29.65
2027-03-16T00:00:00.000Z,-0.07,29.56
2027-03-17T00:00:00.000Z,0.1,29.7
2027-03-18T00:00:00.000Z,0.11,29.84
2027-03-19T00:00:00.000Z,0.19,30.1
2027-03-20T00:00:00.000Z,0.53,30.79
2027-03-21T00:00:00.000Z,-0.01,30.77
2027-03-22T00:00:00.000Z,-0.17,30.55
2027-03-23T00:00:00.000Z,-0.31,30.14
2027-03-24T00:00:00.000Z,-0.15,29.94
2027-03-25T00:00:00.000Z,0.02,29.97
2027-03-26T00:00:00.000Z,0.48,30.59
2027-03-27T00:00:00.000Z,-0.1,30.46
2027-03-28T00:00:00.000Z,0.09,30.57
2027-03-29T00:00:00.000Z,0.03,30.61
2027-03-30T00:00:00.000Z,0.33,31.03
2027-03-31T00:00:00.000Z,0.66,31.9
2027-04-01T00:00:00.000Z,-0.1,31.76
2027-04-02T00:00:00.000Z,-0.09,31.64
2027-04-03T00:00:00.000Z,0.29,32.03
2027-04-04T00:00:00.000Z,0.2,32.29
2027-04-05T00:00:00.000Z,0.49,32.94
2027-04-06T00:00:00.000Z,0.18,33.17
2027-04-07T00:00:00.000Z,-0.06,33.09
2027-04-08T00:00:00.000Z,0.18,33.33
2027-04-09T00:00:00.000Z,0.31,33.74
2027-04-10T00:00:00.000Z,0.24,34.06
2027-04-11T00:00:00.000Z,0.16,34.27
2027-04-12T00:00:00.000Z,0.3,34.66
2027-04-13T00:00:00.000Z,0.32,35.1
2027-04-14T00:00:00.000Z,0.38,35.61
2027-04-15T00:00:00.000Z,0.19,35.87
2027-04-16T00:00:00.000Z,-0.01,35.85
2027-04-17T00:00:00.000Z,0.07,35.94
2027-04-18T00:00:00.000Z,0.33,36.39
2027-04-19T00:00:00.000Z,-0.17,36.15
2027-04-20T00:00:00.000Z,0.12,36.32
2027-04-21T00:00:00.000Z,-0.07,36.23
2027-04-22T00:00:00.000Z,0.04,36.28
2027-04-23T00:00:00.000Z,0.35,36.75
2027-04-24T00:00:00.000Z,0.08,36.86
2027-04-25T00:00:00.000Z,0.04,36.92
2027-04-26T00:00:00.000Z,-0.31,36.49
2027-04-27T00:00:00.000Z,0.22,36.79
2027-04-28T00:00:00.000Z,0.19,37.05
2027-04-29T00:00:00.000Z,0.57,37.83
2027-04-30T00:00:00.000Z,-0.05,37.77
2027-05-01T00:00:00.000Z,0.08,37.88
2027-05-02T00:00:00.000Z,0.09,38.01
2027-05-03T00:00:00.000Z,0.42,38.6
2027-05-04T00:00:00.000Z,0.01,38.61
2027-05-05T00:00:00.000Z,0.1,38.74
2027-05-06T00:00:00.000Z,0.18,39.0
2027-05-07T00:00:00.000Z,0.08,39.1
2027-05-08T00:00:00.000Z,-0.08,38.99
2027-05-09T00:00:00.000Z,0.08,39.1
2027-05-10T00:00:00.000Z,0.3,39.51
2027-05-11T00:00:00.000Z,-0.23,39.2
2027-05-12T00:00:00.000Z,0.06,39.29
2027-05-13T00:00:00.000Z,-0.15,39.08
2027-05-14T00:00:00.000Z,0.33,39.54
2027-05-15T00:00:00.000Z,-0.35,39.05
2027-05-16T00:00:00.000Z,-0.11,38.9
2027-05-17T00:00:00.000Z,0.12,39.07
2027-05-18T00:00:00.000Z,0.42,39.66
2027-05-19T00:00:00.000Z,0.01,39.68
2027-05-20T00:00:00.000Z,-0.11,39.52
2027-05-21T00:00:00.000Z,0.5,40.22
2027-05-22T00:00:00.000Z,-0.33,39.76
2027-05-23T00:00:00.000Z,-0.52,39.03
2027-05-24T00:00:00.000Z,0.14,39.23
2027-05-25T00:00:00.000Z,-0.1,39.09
2027-05-26T00:00:00.000Z,-0.23,38.78
2027-05-27T00:00:00.000Z,0.21,39.07
2027-05-28T00:00:00.000Z,0.09,39.19
2027-05-29T00:00:00.000Z,-0.11,39.04
2027-05-30T00:00:00.000Z,-0.29,38.64
2027-05-31T00:00:00.000Z,0.25,38.98
2027-06-01T00:00:00.000Z,0.19,39.25
2027-06-02T00:00:00.000Z,0.01,39.25
2027-06-03T00:00:00.000Z,0.49,39.94
2027-06-04T00:00:00.000Z,-0.24,39.61
2027-06-05T00:00:00.000Z,-0.35,39.12
2027-06-06T00:00:00.000Z,-0.14,38.92
2027-06-07T00:00:00.000Z,0.02,38.94
2027-06-08T00:00:00.000Z,0.09,39.07
2027-06-09T00:00:00.000Z,-0.03,39.03
2027-06-10T00:00:00.000Z,0.12,39.19
2027-06-11T00:00:00.000Z,-0.28,38.8
2027-06-12T00:00:00.000Z,0.39,39.34
2027-06-13T00:00:00.000Z,0.01,39.35
2027-06-14T00:00:00.000Z,0.31,39.78
2027-06-15T00:00:00.000Z,0.12,39.95
2027-06-16T00:00:00.000Z,0.14,40.15
2027-06-17T00:00:00.000Z,0.17,40.39
2027-06-18T00:00:00.000Z,0.14,40.59
2027-06-19T00:00:00.000Z,0.19,40.86
2027-06-20T00:00:00.000Z,0.36,41.37
2027-06-21T00:00:00.000Z,0.08,41.48
2027-06-22T00:00:00.000Z,0.21,41.77
2027-06-23T00:00:00.000Z,0.01,41.78
2027-06-24T00:00:00.000Z,0.39,42.34
2027-06-25T00:00:00.000Z,-0.14,42.14
2027-06-26T00:00:00.000Z,0.48,42.82
2027-06-27T00:00:00.000Z,0.02,42.85
2027-06-28T00:00:00.000Z,-0.33,42.38
2027-06-29T00:00:00.000Z,0.06,42.47
2027-06-30T00:00:00.000Z,-0.14,42.27
2027-07-01T00:00:00.000Z,0.24,42.61
2027-07-02T00:00:00.000Z,-0.13,42.42
2027-07-03T00:00:00.000Z,-0.08,42.3
2027-07-04T00:00:00.000Z,-0.44,41.67
2027-07-05T00:00:00.000Z,-0.08,41.56
2027-07-06T00:00:00.000Z,-0.58,40.74
2027-07-07T00:00:00.000Z,-0.37,40.23
2027-07-08T00:00:00.000Z,0.22,40.54
2027-07-09T00:00:00.000Z,0.23,40.85
2027-07-10T00:00:00.000Z,0.14,41.05
2027-07-11T00:00:00.000Z,-0.21,40.75
2027-07-12T00:00:00.000Z,0.02,40.77
2027-07-13T00:00:00.000Z,0.03,40.81
2027-07-14T00:00:00.000Z,-0.26,40.45
2027-07-15T00:00:00.000Z,0.41,41.02
2027-07-16T00:00:00.000Z,0.25,41.37
2027-07-17T00:00:00.000Z,-0.03,41.33
2027-07-18T00:00:00.000Z,0.04,41.39
2027-07-19T00:00:00.000Z,0.08,41.5
2027-07-20T00:00:00.000Z,-0.48,40.82
2027-07-21T00:00:00.000Z,-0.03,40.78
2027-07-22T00:00:00.000Z,-0.14,40.58
2027-07-23T00:00:00.000Z,-0.22,40.27
2027-07-24T00:00:00.000Z,-0.04,40.21
2027-07-25T00:00:00.000Z,0.48,40.89
2027-07-26T00:00:00.000Z,0.19,41.15
2027-07-27T00:00:00.000Z,-0.11,40.99
2027-07-28T00:00:00.000Z,0.17,41.24
2027-07-29T00:00:00.000Z,0.38,41.77
2027-07-30T00:00:00.000Z,0.26,42.15
2027-07-31T00:00:00.000Z,0.04,42.21
2027-08-01T00:00:00.000Z,-0.13,42.02
2027-08-02T00:00:00.000Z,0.2,42.31
2027-08-03T00:00:00.000Z,0.13,42.49
2027-08-04T00:00:00.000Z,0.25,42.86
2027-08-05T00:00:00.000Z,0.19,43.13
2027-08-06T00:00:00.000Z,0.29,43.54
2027-08-07T00:00:00.000Z,-0.1,43.4
2027-08-08T00:00:00.000Z,0.36,43.91
2027-08-09T00:00:00.000Z,0.08,44.03
2027-08-10T00:00:00.000Z,0.55,44.82
2027-08-11T00:00:00.000Z,-0.14,44.61
2027-08-12T00:00:00.000Z,0.46,45.28
2027-08-13T00:00:00.000Z,0.08,45.4
2027-08-14T00:00:00.000Z,-0.13,45.2
2027-08-15T00:00:00.000Z,-0.09,45.07
2027-08-16T00:00:00.000Z,-0.05,45.0
2027-08-17T00:00:00.000Z,0.14,45.2
2027-08-18T00:00:00.000Z,0.16,45.43
2027-08-19T00:00:00.000Z,-0.11,45.26
2027-08-20T00:00:00.000Z,0.02,45.3
2027-08-21T00:00:00.000Z,0.57,46.12
2027-08-22T00:00:00.000Z,0.46,46.8
2027-08-23T00:00:00.000Z,0.14,47.0
2027-08-24T00:00:00.000Z,0.04,47.06
2027-08-25T00:00:00.000Z,0.06,47.15
2027-08-26T00:00:00.000Z,0.18,47.42
2027-08-27T00:00:00.000Z,-0.23,47.08
2027-08-28T00:00:00.000Z,-0.03,47.03
2027-08-29T00:00:00.000Z,-0.39,46.46
2027-08-30T00:00:00.000Z,0.13,46.65
2027-08-31T00:00:00.000Z,0.19,46.93
2027-09-01T00:00:00.000Z,-0.09,46.8
2027-09-02T00:00:00.000Z,0.42,47.42
2027-09-03T00:00:00.000Z,-0.28,47.02
2027-09-04T00:00:00.000Z,-0.34,46.52
2027-09-05T00:00:00.000Z,0.09,46.65
2027-09-06T00:00:00.000Z,0.29,47.08
2027-09-07T00:00:00.000Z,0.45,47.74
2027-09-08T00:00:00.000Z,-0.08,47.61
2027-09-09T00:00:00.000Z,0.3,48.06
2027-09-10T00:00:00.000Z,0.02,48.09
2027-09-11T00:00:00.000Z,-0.01,48.07
2027-09-12T00:00:00.000Z,0.25,48.44
2027-09-13T00:00:00.000Z,0.19,48.72
2027-09-14T00:00:00.000Z,-0.36,48.18
2027-09-15T00:00:00.000Z,0.4,48.77
2027-09-16T00:00:00.000Z,0.38,49.33
2027-09-17T00:00:00.000Z,-0.13,49.14
2027-09-18T00:00:00.000Z,0.13,49.34
2027-09-19T00:00:00.000Z,0.15,49.57
2027-09-20T00:00:00.000Z,0.1,49.71
2027-09-21T00:00:00.000Z,-0.11,49.55
2027-09-22T00:00:00.000Z,-0.14,49.34
2027-09-23T00:00:00.000Z,0.02,49.38
2027-09-24T00:00:00.000Z,0.32,49.86
2027-09-25T00:00:00.000Z,0.17,50.11
2027-09-26T00:00:00.000Z,-0.06,50.01
2027-09-27T00:00:00.000Z,0.22,50.35
2027-09-28T00:00:00.000Z,-0.68,49.32
2027-09-29T00:00:00.000Z,0.32,49.8
2027-09-30T00:00:00.000Z,-0.4,49.19
2027-10-01T00:00:00.000Z,-0.06,49.1
2027-10-02T00:00:00.000Z,-0.25,48.73
2027-10-03T00:00:00.000Z,-0.29,48.29
2027-10-04T00:00:00.000Z,0.32,48.76
2027-10-05T00:00:00.000Z,-0.09,48.63
2027-10-06T00:00:00.000Z,0.12,48.81
2027-10-07T00:00:00.000Z,0.02,48.83
2027-10-08T00:00:00.000Z,0.15,49.06
2027-10-09T00:00:00.000Z,0.05,49.13
2027-10-10T00:00:00.000Z,-0.29,48.7
2027-10-11T00:00:00.000Z,0.28,49.11
2027-10-12T00:00:00.000Z,-0.09,48.97
2027-10-13T00:00:00.000Z,-0.36,48.44
2027-10-14T00:00:00.000Z,-0.08,48.32
2027-10-15T00:00:00.000Z,0.41,48.92
2027-10-16T00:00:00.000Z,0.24,49.29
2027-10-17T00:00:00.000Z,-0.06,49.2
2027-10-18T00:00:00.000Z,-0.06,49.11
2027-10-19T00:00:00.000Z,-0.05,49.04
2027-10-20T00:00:00.000Z,0.55,49.86
2027-10-21T00:00:00.000Z,0.13,50.05
2027-10-22T00:00:00.000Z,0.14,50.25
2027-10-23T00:00:00.000Z,0.29,50.68
2027-10-24T00:00:00.000Z,0.09,50.82
2027-10-25T00:00:00.000Z,-0.03,50.77
2027-10-26T00:00:00.000Z,-0.02,50.74
2027-10-27T00:00:00.000Z,0.01,50.76
2027-10-28T00:00:00.000Z,0.02,50.79
2027-10-29T00:00:00.000Z,0.21,51.11
2027-10-30T00:00:00.000Z,0.04,51.17
2027-10-31T00:00:00.000Z,0.21,51.49
2027-11-01T00:00:00.000Z,0.01,51.51
2027-11-02T00:00:00.000Z,0.05,51.58
2027-11-03T00:00:00.000Z,-0.47,50.87
2027-11-04T00:00:00.000Z,0.26,51.26
2027-11-05T00:00:00.000Z,0.12,51.44
2027-11-06T00:00:00.000Z,0.28,51.86
2027-11-07T00:00:00.000Z,-0.69,50.81
2027-11-08T00:00:00.000Z,0.55,51.64
2027-11-09T00:00:00.000Z,-0.0,51.63
2027-11-10T00:00:00.000Z,0.31,52.1
2027-11-11T00:00:00.000Z,-0.23,51.75
2027-11-12T00:00:00.000Z,0.18,52.03
2027-11-13T00:00:00.000Z,-0.23,51.67
2027-11-14T00:00:00.000Z,-0.13,51.48
2027-11-15T00:00:00.000Z,0.51,52.25
2027-11-16T00:00:00.000Z,-0.02,52.23
2027-11-17T00:00:00.000Z,0.08,52.35
2027-11-18T00:00:00.000Z,0.25,52.73
2027-11-19T00:00:00.000Z,0.15,52.97
2027-11-20T00:00:00.000Z,0.07,53.07
2027-11-21T00:00:00.000Z,0.12,53.26
2027-11-22T00:00:00.000Z,0.63,54.22
2027-11-23T00:00:00.000Z,0.02,54.25
2027-11-24T00:00:00.000Z,0.08,54.37
2027-11-25T00:00:00.000Z,0.29,54.82
2027-11-26T00:00:00.000Z,0.31,55.3
2027-11-27T00:00:00.000Z,0.33,55.8
2027-11-28T00:00:00.000Z,0.19,56.1
2027-11-29T00:00:00.000Z,-0.26,55.7
2027-11-30T00:00:00.000Z,0.44,56.38
2027-12-01T00:00:00.000Z,-0.26,55.98
2027-12-02T00:00:00.000Z,0.11,56.15
2027-12-03T00:00:00.000Z,-0.16,55.9
2027-12-04T00:00:00.000Z,0.01,55.92
2027-12-05T00:00:00.000Z,0.11,56.1
2027-12-06T00:00:00.000Z,0.11,56.27
2027-12-07T00:00:00.000Z,0.14,56.48
2027-12-08T00:00:00.000Z,0.43,57.16
2027-12-09T00:00:00.000Z,0.14,57.38
2027-12-10T00:00:00.000Z,-0.03,57.33
2027-12-11T00:00:00.000Z,0.27,57.76
2027-12-12T00:00:00.000Z,0.33,58.28
2027-12-13T00:00:00.000Z,-0.28,57.84
2027-12-14T00:00:00.000Z,0.18,58.12
2027-12-15T00:00:00.000Z,0.21,58.45
2027-12-16T00:00:00.000Z,-0.04,58.38
2027-12-17T00:00:00.000Z,0.37,58.97
2027-12-18T00:00:00.000Z,-0.01,58.96
2027-12-19T00:00:00.000Z,0.06,59.05
2027-12-20T00:00:00.000Z,-0.01,59.03
2027-12-21T00:00:00.000Z,0.03,59.09
2027-12-22T00:00:00.000Z,-0.24,58.7
2027-12-23T00:00:00.000Z,-0.33,58.17
2027-12-24T00:00:00.000Z,0.43,58.85
2027-12-25T00:00:00.000Z,-0.18,58.56
2027-12-26T00:00:00.000Z,-0.22,58.22
2027-12-27T00:00:00.000Z,-0.51,57.41
2027-12-28T00:00:00.000Z,-0.13,57.21
2027-12-29T00:00:00.000Z,-0.3,56.74
2027-12-30T00:00:00.000Z,0.44,57.43
2027-12-31T00:00:00.000Z,0.28,57.87
2028-01-01T00:00:00.000Z,-0.14,57.65
2028-01-02T00:00:00.000Z,0.59,58.58
2028-01-03T00:00:00.000Z,0.28,59.02
2028-01-04T00:00:00.000Z,-0.05,58.94
2028-01-05T00:00:00.000Z,-0.59,57.99
2028-01-06T00:00:00.000Z,0.6,58.94
2028-01-07T00:00:00.000Z,-0.32,58.44
2028-01-08T00:00:00.000Z,-0.38,57.84
2028-01-09T00:00:00.000Z,0.29,58.29
2028-01-10T00:00:00.000Z,0.64,59.3
2028-01-11T00:00:00.000Z,0.38,59.9
2028-01-12T00:00:00.000Z,0.17,60.17
2028-01-13T00:00:00.000Z,0.18,60.46
2028-01-14T00:00:00.000Z,0.24,60.85
2028-01-15T00:00:00.000Z,0.22,61.2
2028-01-16T00:00:00.000Z,0.1,61.36
2028-01-17T00:00:00.000Z,0.06,61.45
2028-01-18T00:00:00.000Z,0.01,61.48
2028-01-19T00:00:00.000Z,-0.16,61.22
2028-01-20T00:00:00.000Z,-0.04,61.16
2028-01-21T00:00:00.000Z,-0.39,60.52
2028-01-22T00:00:00.000Z,0.01,60.53
2028-01-23T00:00:00.000Z,-0.22,60.18
2028-01-24T00:00:00.000Z,-0.25,59.79
2028-01-25T00:00:00.000Z,0.07,59.91
2028-01-26T00:00:00.000Z,0.38,60.51
2028-01-27T00:00:00.000Z,0.26,60.93
2028-01-28T00:00:00.000Z,-0.36,60.35
2028-01-29T00:00:00.000Z,-0.22,60.0
2028-01-30T00:00:00.000Z,0.27,60.42
2028-01-31T00:00:00.000Z,-0.22,60.08
2028-02-01T00:00:00.000Z,-0.03,60.03
2028-02-02T00:00:00.000Z,0.17,60.3
2028-02-03T00:00:00.000Z,-0.21,59.96
2028-02-04T00:00:00.000Z,0.06,60.05
2028-02-05T00:00:00.000Z,-0.3,59.57
2028-02-06T00:00:00.000Z,-0.12,59.38
2028-02-07T00:00:00.000Z,0.11,59.55
2028-02-08T00:00:00.000Z,-0.37,58.96
2028-02-09T00:00:00.000Z,0.14,59.19
2028-02-10T00:00:00.000Z,0.03,59.23
2028-02-11T00:00:00.000Z,0.17,59.49
2028-02-12T00:00:00.000Z,0.09,59.63
2028-02-13T00:00:00.000Z,0.37,60.22
2028-02-14T00:00:00.000Z,0.06,60.32
2028-02-15T00:00:00.000Z,-0.08,60.2
2028-02-16T00:00:00.000Z,0.06,60.29
2028-02-17T00:00:00.000Z,0.17,60.56
2028-02-18T00:00:00.000Z,0.04,60.63
2028-02-19T00:00:00.000Z,0.04,60.69
2028-02-20T00:00:00.000Z,-0.15,60.46
2028-02-21T00:00:00.000Z,-0.14,60.24
2028-02-22T00:00:00.000Z,-0.32,59.73
2028-02-23T00:00:00.000Z,0.47,60.47
2028-02-24T00:00:00.000Z,-0.28,60.02
2028-02-25T00:00:00.000Z,-0.14,59.79
2028-02-26T00:00:00.000Z,-0.15,59.55
2028-02-27T00:00:00.000Z,0.25,59.96
2028-02-28T00:00:00.000Z,-0.04,59.89
2028-02-29T00:00:00.000Z,0.34,60.44
2028-03-01T00:00:00.000Z,-0.14,60.21
2028-03-02T00:00:00.000Z,0.1,60.37
2028-03-03T00:00:00.000Z,-0.18,60.09
2028-03-04T00:00:00.000Z,0.57,60.99
2028-03-05T00:00:00.000Z,-0.27,60.56
2028-03-06T00:00:00.000Z,0.11,60.74
2028-03-07T00:00:00.000Z,0.19,61.04
2028-03-08T00:00:00.000Z,0.13,61.25
2028-03-09T00:00:00.000Z,-0.02,61.23
2028-03-10T00:00:00.000Z,-0.0,61.22
2028-03-11T00:00:00.000Z,0.04,61.29
2028-03-12T00:00:00.000Z,-0.01,61.28
2028-03-13T00:00:00.000Z,0.27,61.72
2028-03-14T00:00:00.000Z,0.58,62.66
2028-03-15T00:00:00.000Z,-0.11,62.48
2028-03-16T00:00:00.000Z,-0.31,61.97
2028-03-17T00:00:00.000Z,0.01,61.99
2028-03-18T00:00:00.000Z,0.67,63.08
2028-03-19T00:00:00.000Z,-0.17,62.8
2028-03-20T00:00:00.000Z,0.44,63.52
2028-03-21T00:00:00.000Z,0.45,64.25
2028-03-22T00:00:00.000Z,-0.11,64.07
2028-03-23T00:00:00.000Z,0.17,64.36
2028-03-24T00:00:00.000Z,0.44,65.07
2028-03-25T00:00:00.000Z,-0.06,64.97
2028-03-26T00:00:00.000Z,-0.02,64.93
2028-03-27T00:00:00.000Z,-0.12,64.74
2028-03-28T00:00:00.000Z,-0.22,64.37
2028-03-29T00:00:00.000Z,-0.13,64.16
2028-03-30T00:00:00.000Z,-0.28,63.7
2028-03-31T00:00:00.000Z,0.04,63.77
2028-04-01T00:00:00.000Z,-0.16,63.5
2028-04-02T00:00:00.000Z,0.09,63.64
2028-04-03T00:00:00.000Z,-0.36,63.06
2028-04-04T00:00:00.000Z,0.11,63.24
2028-04-05T00:00:00.000Z,0.24,63.63
2028-04-06T00:00:00.000Z,-0.47,62.86
2028-04-07T00:00:00.000Z,0.12,63.06
2028-04-08T00:00:00.000Z,0.34,63.61
2028-04-09T00:00:00.000Z,-0.27,63.17
2028-04-10T00:00:00.000Z,0.45,63.9
2028-04-11T00:00:00.000Z,0.13,64.12
2028-04-12T00:00:00.000Z,-0.15,63.88
2028-04-13T00:00:00.000Z,0.02,63.91
2028-04-14T00:00:00.000Z,0.17,64.18
2028-04-15T00:00:00.000Z,0.05,64.27
2028-04-16T00:00:00.000Z,0.16,64.54
2028-04-17T00:00:00.000Z,-0.2,64.21
2028-04-18T00:00:00.000Z,0.07,64.33
2028-04-19T00:00:00.000Z,-0.32,63.79
2028-04-20T00:00:00.000Z,0.0,63.8
2028-04-21T00:00:00.000Z,-0.2,63.48
2028-04-22T00:00:00.000Z,-0.15,63.22
2028-04-23T00:00:00.000Z,0.34,63.78
2028-04-24T00:00:00.000Z,0.3,64.27
2028-04-25T00:00:00.000Z,0.18,64.57
2028-04-26T00:00:00.000Z,-0.24,64.17
2028-04-27T00:00:00.000Z,-0.05,64.09
2028-04-28T00:00:00.000Z,0.33,64.64
2028-04-29T00:00:00.000Z,0.07,64.75
2028-04-30T00:00:00.000Z,0.61,65.75
2028-05-01T00:00:00.000Z,0.13,65.96
2028-05-02T00:00:00.000Z,0.08,66.09
2028-05-03T00:00:00.000Z,-0.05,66.02
2028-05-04T00:00:00.000Z,0.06,66.12
2028-05-05T00:00:00.000Z,-0.01,66.11
2028-05-06T00:00:00.000Z,0.21,66.45
2028-05-07T00:00:00.000Z,0.27,66.9
2028-05-08T00:00:00.000Z,-0.17,66.62
2028-05-09T00:00:00.000Z,-0.3,66.12
2028-05-10T00:00:00.000Z,-0.43,65.4
2028-05-11T00:00:00.000Z,0.16,65.66
2028-05-12T00:00:00.000Z,-0.25,65.26
2028-05-13T00:00:00.000Z,-0.51,64.42
2028-05-14T00:00:00.000Z,0.13,64.63
2028-05-15T00:00:00.000Z,0.65,65.7
2028-05-16T00:00:00.000Z,0.03,65.75
2028-05-17T00:00:00.000Z,0.24,66.15
2028-05-18T00:00:00.000Z,0.05,66.23
2028-05-19T00:00:00.000Z,0.01,66.24
2028-05-20T00:00:00.000Z,0.26,66.67
2028-05-21T00:00:00.000Z,-0.04,66.6
2028-05-22T00:00:00.000Z,0.1,66.76
2028-05-23T00:00:00.000Z,0.11,66.94
2028-05-24T00:00:00.000Z,-0.14,66.72
2028-05-25T00:00:00.000Z,0.28,67.18
2028-05-26T00:00:00.000Z,-0.01,67.16
2028-05-27T00:00:00.000Z,-0.16,66.89
2028-05-28T00:00:00.000Z,0.16,67.16
2028-05-29T00:00:00.000Z,-0.19,66.84
2028-05-30T00:00:00.000Z,0.04,66.9
2028-05-31T00:00:00.000Z,0.03,66.95
2028-06-01T00:00:00.000Z,0.3,67.45
2028-06-02T00:00:00.000Z,0.15,67.7
2028-06-03T00:00:00.000Z,0.02,67.74
2028-06-04T00:00:00.000Z,0.23,68.13
2028-06-05T00:00:00.000Z,0.38,68.77
2028-06-06T00:00:00.000Z,0.17,69.05
2028-06-07T00:00:00.000Z,0.03,69.11
2028-06-08T00:00:00.000Z,-0.3,68.6
2028-06-09T00:00:00.000Z,-0.24,68.21
2028-06-10T00:00:00.000Z,-0.05,68.13
2028-06-11T00:00:00.000Z,-0.12,67.92
2028-06-12T00:00:00.000Z,-0.02,67.89
2028-06-13T00:00:00.000Z,0.04,67.97
2028-06-14T00:00:00.000Z,0.16,68.24
2028-06-15T00:00:00.000Z,0.01,68.26
2028-06-16T00:00:00.000Z,0.15,68.52
2028-06-17T00:00:00.000Z,0.05,68.6
2028-06-18T00:00:00.000Z,-0.46,67.81
2028-06-19T00:00:00.000Z,-0.2,67.47
2028-06-20T00:00:00.000Z,-0.01,67.46
2028-06-21T00:00:00.000Z,-0.27,67.0
2028-06-22T00:00:00.000Z,0.18,67.3
2028-06-23T00:00:00.000Z,0.41,67.99
2028-06-24T00:00:00.000Z,0.33,68.56
2028-06-25T00:00:00.000Z,-0.02,68.52
2028-06-26T00:00:00.000Z,0.4,69.2
2028-06-27T00:00:00.000Z,0.07,69.31
2028-06-28T00:00:00.000Z,-0.05,69.22
2028-06-29T00:00:00.000Z,-0.12,69.01
2028-06-30T00:00:00.000Z,-0.05,68.93
2028-07-01T00:00:00.000Z,-0.07,68.82
2028-07-02T00:00:00.000Z,0.07,68.94
2028-07-03T00:00:00.000Z,0.07,69.06
2028-07-04T00:00:00.000Z,0.03,69.11
2028-07-05T00:00:00.000Z,0.14,69.35
2028-07-06T00:00:00.000Z,0.33,69.9
2028-07-07T00:00:00.000Z,0.27,70.36
2028-07-08T00:00:00.000Z,-0.34,69.77
2028-07-09T00:00:00.000Z,-0.61,68.74
2028-07-10T00:00:00.000Z,0.26,69.19
2028-07-11T00:00:00.000Z,-0.31,68.66
2028-07-12T00:00:00.000Z,-0.03,68.61
2028-07-13T00:00:00.000Z,-0.26,68.17
2028-07-14T00:00:00.000Z,-0.42,67.46
2028-07-15T00:00:00.000Z,0.17,67.74
2028-07-16T00:00:00.000Z,0.22,68.11
2028-07-17T00:00:00.000Z,-0.11,67.92
2028-07-18T00:00:00.000Z,-0.62,66.88
2028-07-19T00:00:00.000Z,-0.11,66.7
2028-07-20T00:00:00.000Z,0.13,66.92
2028-07-21T00:00:00.000Z,-0.34,66.35
2028-07-22T00:00:00.000Z,0.08,66.48
2028-07-23T00:00:00.000Z,0.03,66.52
2028-07-24T00:00:00.000Z,0.17,66.81
2028-07-25T00:00:00.000Z,0.06,66.91
2028-07-26T00:00:00.000Z,-0.21,66.55
2028-07-27T00:00:00.000Z,0.33,67.1
2028-07-28T00:00:00.000Z,-0.01,67.09
2028-07-29T00:00:00.000Z,0.02,67.13
2028-07-30T00:00:00.000Z,-0.2,66.79
2028-07-31T00:00:00.000Z,-0.08,66.65
2028-08-01T00:00:00.000Z,-0.19,66.33
2028-08-02T00:00:00.000Z,-0.01,66.31
2028-08-03T00:00:00.000Z,0.46,67.07
2028-08-04T00:00:00.000Z,-0.31,66.55
2028-08-05T00:00:00.000Z,-0.37,65.93
2028-08-06T00:00:00.000Z,0.4,66.59
2028-08-07T00:00:00.000Z,-0.02,66.55
2028-08-08T00:00:00.000Z,-0.14,66.32
2028-08-09T00:00:00.000Z,0.29,66.8
2028-08-10T00:00:00.000Z,-0.12,66.6
2028-08-11T00:00:00.000Z,0.49,67.41
2028-08-12T00:00:00.000Z,0.2,67.75
2028-08-13T00:00:00.000Z,-0.09,67.59
2028-08-14T00:00:00.000Z,0.57,68.55
2028-08-15T00:00:00.000Z,-0.12,68.34
2028-08-16T00:00:00.000Z,0.22,68.7
2028-08-17T00:00:00.000Z,0.1,68.88
2028-08-18T00:00:00.000Z,0.36,69.48
2028-08-19T00:00:00.000Z,0.42,70.19
2028-08-20T00:00:00.000Z,0.04,70.26
2028-08-21T00:00:00.000Z,-0.16,69.99
2028-08-22T00:00:00.000Z,0.14,70.23
2028-08-23T00:00:00.000Z,-0.14,70.0
2028-08-24T00:00:00.000Z,0.53,70.9
2028-08-25T00:00:00.000Z,0.06,71.01
2028-08-26T00:00:00.000Z,-0.06,70.91
2028-08-27T00:00:00.000Z,0.08,71.04
2028-08-28T00:00:00.000Z,-0.31,70.51
2028-08-29T00:00:00.000Z,-0.21,70.15
2028-08-30T00:00:00.000Z,0.33,70.71
2028-08-31T00:00:00.000Z,-0.13,70.48
2028-09-01T00:00:00.000Z,-0.23,70.09
2028-09-02T00:00:00.000Z,0.16,70.37
2028-09-03T00:00:00.000Z,0.33,70.92
2028-09-04T00:00:00.000Z,0.21,71.28
2028-09-05T00:00:00.000Z,0.28,71.76
2028-09-06T00:00:00.000Z,-0.16,71.49
2028-09-07T00:00:00.000Z,-0.33,70.93
2028-09-08T00:00:00.000Z,0.41,71.62
2028-09-09T00:00:00.000Z,-0.05,71.53
2028-09-10T00:00:00.000Z,-0.03,71.48
2028-09-11T00:00:00.000Z,0.36,72.1
2028-09-12T00:00:00.000Z,0.17,72.39
2028-09-13T00:00:00.000Z,0.14,72.64
2028-09-14T00:00:00.000Z,0.57,73.62
2028-09-15T00:00:00.000Z,-0.13,73.4
2028-09-16T00:00:00.000Z,0.26,73.85
2028-09-17T00:00:00.000Z,0.04,73.93
2028-09-18T00:00:00.000Z,0.1,74.1
2028-09-19T00:00:00.000Z,0.41,74.81
2028-09-20T00:00:00.000Z,0.16,75.09
2028-09-21T00:00:00.000Z,0.16,75.38
2028-09-22T00:00:00.000Z,0.3,75.9
2028-09-23T00:00:00.000Z,-0.06,75.79
2028-09-24T00:00:00.000Z,-0.18,75.48
2028-09-25T00:00:00.000Z,-0.23,75.07
2028-09-26T00:00:00.000Z,-0.46,74.26
2028-09-27T00:00:00.000Z,0.54,75.21
2028-09-28T00:00:00.000Z,-0.25,74.78
2028-09-29T00:00:00.000Z,-0.03,74.74
2028-09-30T00:00:00.000Z,-0.04,74.67
2028-10-01T00:00:00.000Z,0.11,74.85
2028-10-02T00:00:00.000Z,0.23,75.26
2028-10-03T00:00:00.000Z,0.25,75.69
2028-10-04T00:00:00.000Z,-0.12,75.49
2028-10-05T00:00:00.000Z,-0.01,75.47
2028-10-06T00:00:00.000Z,0.1,75.65
2028-10-07T00:00:00.000Z,-0.03,75.59
2028-10-08T00:00:00.000Z,0.43,76.35
2028-10-09T00:00:00.000Z,0.15,76.62
2028-10-10T00:00:00.000Z,0.21,76.99
2028-10-11T00:00:00.000Z,0.2,77.34
2028-10-12T00:00:00.000Z,0.32,77.91
2028-10-13T00:00:00.000Z,0.08,78.05
2028-10-14T00:00:00.000Z,-0.29,77.52
2028-10-15T00:00:00.000Z,0.13,77.75
2028-10-16T00:00:00.000Z,-0.13,77.52
2028-10-17T00:00:00.000Z,-0.1,77.34
2028-10-18T00:00:00.000Z,0.18,77.65
2028-10-19T00:00:00.000Z,0.34,78.25
2028-10-20T00:00:00.000Z,0.04,78.32
2028-10-21T00:00:00.000Z,0.11,78.51
2028-10-22T00:00:00.000Z,0.46,79.32
2028-10-23T00:00:00.000Z,0.09,79.48
2028-10-24T00:00:00.000Z,0.68,80.7
2028-10-25T00:00:00.000Z,0.17,81.01
2028-10-26T00:00:00.000Z,-0.41,80.27
2028-10-27T00:00:00.000Z,0.22,80.66
2028-10-28T00:00:00.000Z,0.13,80.89
2028-10-29T00:00:00.000Z,0.35,81.53
2028-10-30T00:00:00.000Z,0.2,81.89
2028-10-31T00:00:00.000Z,-0.0,81.88
2028-11-01T00:00:00.000Z,-0.28,81.38
2028-11-02T00:00:00.000Z,-0.02,81.34
2028-11-03T00:00:00.000Z,-0.18,81.01
2028-11-04T00:00:00.000Z,-0.12,80.8
2028-11-05T00:00:00.000Z,0.18,81.12
2028-11-06T00:00:00.000Z,0.45,81.93
2028-11-07T00:00:00.000Z,0.13,82.16
2028-11-08T00:00:00.000Z,-0.27,81.67
2028-11-09T00:00:00.000Z,0.14,81.93
2028-11-10T00:00:00.000Z,0.33,82.53
2028-11-11T00:00:00.000Z,-0.12,82.3
2028-11-12T00:00:00.000Z,-0.0,82.3
2028-11-13T00:00:00.000Z,0.03,82.36
2028-11-14T00:00:00.000Z,-0.17,82.06
2028-11-15T00:00:00.000Z,0.19,82.41
2028-11-16T00:00:00.000Z,-0.0,82.41
2028-11-17T00:00:00.000Z,0.13,82.65
2028-11-18T00:00:00.000Z,-0.19,82.3
2028-11-19T00:00:00.000Z,-0.08,82.16
2028-11-20T00:00:00.000Z,0.21,82.54
2028-11-21T00:00:00.000Z,-0.06,82.42
2028-11-22T00:00:00.000Z,0.46,83.27
2028-11-23T00:00:00.000Z,-0.07,83.14
2028-11-24T00:00:00.000Z,0.09,83.3
2028-11-25T00:00:00.000Z,0.26,83.78
2028-11-26T00:00:00.000Z,-0.32,83.18
2028-11-27T00:00:00.000Z,-0.41,82.43
2028-11-28T00:00:00.000Z,-0.35,81.79
2028-11-29T00:00:00.000Z,0.35,82.42
2028-11-30T00:00:00.000Z,-0.11,82.22
2028-12-01T00:00:00.000Z,0.67,83.44
2028-12-02T00:00:00.000Z,-0.11,83.24
2028-12-03T00:00:00.000Z,0.08,83.38
2028-12-04T00:00:00.000Z,0.42,84.14
2028-12-05T00:00:00.000Z,0.53,85.12
2028-12-06T00:00:00.000Z,0.55,86.13
2028-12-07T00:00:00.000Z,0.33,86.75
2028-12-08T00:00:00.000Z,0.29,87.28
2028-12-09T00:00:00.000Z,0.18,87.61
2028-12-10T00:00:00.000Z,0.22,88.03
2028-12-11T00:00:00.000Z,-0.11,87.83
2028-12-12T00:00:00.000Z,-0.17,87.5
2028-12-13T00:00:00.000Z,0.03,87.56
2028-12-14T00:00:00.000Z,-0.01,87.54
2028-12-15T00:00:00.000Z,-0.08,87.38
2028-12-16T00:00:00.000Z,0.2,87.76
2028-12-17T00:00:00.000Z,0.27,88.27
2028-12-18T00:00:00.000Z,0.05,88.36
2028-12-19T00:00:00.000Z,0.4,89.12
2028-12-20T00:00:00.000Z,-0.26,88.63
2028-12-21T00:00:00.000Z,-0.02,88.6
2028-12-22T00:00:00.000Z,-0.15,88.32
2028-12-23T00:00:00.000Z,-0.44,87.5
2028-12-24T00:00:00.000Z,0.01,87.51
2028-12-25T00:00:00.000Z,-0.0,87.51
2028-12-26T00:00:00.000Z,0.41,88.28
2028-12-27T00:00:00.000Z,0.19,88.63
2028-12-28T00:00:00.000Z,-0.23,88.2
2028-12-29T00:00:00.000Z,0.49,89.13
2028-12-30T00:00:00.000Z,0.34,89.77
2028-12-31T00:00:00.000Z,0.18,90.1
2029-01-01T00:00:00.000Z,-0.03,90.05
2029-01-02T00:00:00.000Z,-0.21,89.65
2029-01-03T00:00:00.000Z,-0.06,89.53
2029-01-04T00:00:00.000Z,0.3,90.1
2029-01-05T00:00:00.000Z,0.5,91.06
2029-01-06T00:00:00.000Z,0.42,91.85
2029-01-07T00:00:00.000Z,-0.09,91.67
2029-01-08T00:00:00.000Z,-0.25,91.2
2029-01-09T00:00:00.000Z,0.07,91.32
2029-01-10T00:00:00.000Z,-0.41,90.53
2029-01-11T00:00:00.000Z,0.11,90.74
2029-01-12T00:00:00.000Z,-0.01,90.73
2029-01-13T00:00:00.000Z,-0.09,90.56
2029-01-14T00:00:00.000Z,-0.37,89.86
2029-01-15T00:00:00.000Z,0.16,90.16
2029-01-16T00:00:00.000Z,-0.1,89.97
2029-01-17T00:00:00.000Z,-0.26,89.47
2029-01-18T00:00:00.000Z,-0.69,88.16
2029-01-19T00:00:00.000Z,0.02,88.21
2029-01-20T00:00:00.000Z,0.47,89.1
2029-01-21T00:00:00.000Z,0.45,89.94
2029-01-22T00:00:00.000Z,-0.08,89.78
2029-01-23T00:00:00.000Z,-0.12,89.55
2029-01-24T00:00:00.000Z,0.15,89.83
2029-01-25T00:00:00.000Z,-0.22,89.41
2029-01-26T00:00:00.000Z,0.11,89.61
2029-01-27T00:00:00.000Z,0.22,90.03
2029-01-28T00:00:00.000Z,0.34,90.67
2029-01-29T00:00:00.000Z,0.0,90.68
2029-01-30T00:00:00.000Z,-0.02,90.64
2029-01-31T00:00:00.000Z,-0.19,90.28
2029-02-01T00:00:00.000Z,-0.18,89.95
2029-02-02T00:00:00.000Z,-0.03,89.89
2029-02-03T00:00:00.000Z,0.12,90.13
2029-02-04T00:00:00.000Z,0.26,90.62
2029-02-05T00:00:00.000Z,-0.17,90.29
2029-02-06T00:00:00.000Z,0.4,91.06
2029-02-07T00:00:00.000Z,-0.04,90.99
2029-02-08T00:00:00.000Z,0.02,91.03
2029-02-09T00:00:00.000Z,-0.16,90.73
2029-02-10T00:00:00.000Z,-0.58,89.64
2029-02-11T00:00:00.000Z,0.25,90.11
2029-02-12T00:00:00.000Z,0.21,90.52
2029-02-13T00:00:00.000Z,-0.04,90.44
2029-02-14T00:00:00.000Z,0.05,90.53
2029-02-15T00:00:00.000Z,0.16,90.83
2029-02-16T00:00:00.000Z,-0.36,90.15
2029-02-17T00:00:00.000Z,-0.1,89.95
2029-02-18T00:00:00.000Z,0.23,90.39
2029-02-19T00:00:00.000Z,-0.28,89.85
2029-02-20T00:00:00.000Z,0.1,90.04
2029-02-21T00:00:00.000Z,-0.31,89.45
2029-02-22T00:00:00.000Z,0.15,89.73
2029-02-23T00:00:00.000Z,0.02,89.77
2029-02-24T00:00:00.000Z,-0.37,89.06
2029-02-25T00:00:00.000Z,0.32,89.67
2029-02-26T00:00:00.000Z,-0.15,89.38
2029-02-27T00:00:00.000Z,-0.17,89.05
2029-02-28T00:00:00.000Z,0.08,89.2
2029-03-01T00:00:00.000Z,0.32,89.8
2029-03-02T00:00:00.000Z,-0.22,89.38
2029-03-03T00:00:00.000Z,0.05,89.46
2029-03-04T00:00:00.000Z,0.14,89.72
2029-03-05T00:00:00.000Z,0.2,90.11
2029-03-06T00:00:00.000Z,0.07,90.25
2029-03-07T00:00:00.000Z,-0.06,90.13
2029-03-08T00:00:00.000Z,-0.18,89.8
2029-03-09T00:00:00.000Z,0.05,89.89
2029-03-10T00:00:00.000Z,-0.24,89.44
2029-03-11T00:00:00.000Z,-0.7,88.12
2029-03-12T00:00:00.000Z,0.14,88.38
2029-03-13T00:00:00.000Z,0.26,88.86
2029-03-14T00:00:00.000Z,-0.56,87.8
2029-03-15T00:00:00.000Z,-0.22,87.38
2029-03-16T00:00:00.000Z,0.18,87.73
2029-03-17T00:00:00.000Z,0.54,88.75
2029-03-18T00:00:00.000Z,0.04,88.82
2029-03-19T00:00:00.000Z,-0.15,88.53
2029-03-20T00:00:00.000Z,-0.02,88.5
2029-03-21T00:00:00.000Z,0.37,89.21
2029-03-22T00:00:00.000Z,-0.13,88.96
2029-03-23T00:00:00.000Z,-0.17,88.64
2029-03-24T00:00:00.000Z,-0.09,88.47
2029-03-25T00:00:00.000Z,-0.21,88.07
2029-03-26T00:00:00.000Z,0.06,88.19
2029-03-27T00:00:00.000Z,0.44,89.01
2029-03-28T00:00:00.000Z,0.11,89.22
2029-03-29T00:00:00.000Z,-0.03,89.15
2029-03-30T00:00:00.000Z,-0.04,89.07
2029-03-31T00:00:00.000Z,-0.36,88.39
2029-04-01T00:00:00.000Z,0.25,88.86
2029-04-02T00:00:00.000Z,0.01,88.88
2029-04-03T00:00:00.000Z,-0.02,88.85
2029-04-04T00:00:00.000Z,0.83,90.42
2029-04-05T00:00:00.000Z,0.1,90.62
2029-04-06T00:00:00.000Z,-0.16,90.32
2029-04-07T00:00:00.000Z,-0.08,90.17
2029-04-08T00:00:00.000Z,0.32,90.77
2029-04-09T00:00:00.000Z,0.06,90.89
2029-04-10T00:00:00.000Z,-0.33,90.26
2029-04-11T00:00:00.000Z,0.26,90.75
2029-04-12T00:00:00.000Z,-0.14,90.49
2029-04-13T00:00:00.000Z,0.5,91.44
2029-04-14T00:00:00.000Z,0.3,92.01
2029-04-15T00:00:00.000Z,-0.08,91.86
2029-04-16T00:00:00.000Z,0.35,92.53
2029-04-17T00:00:00.000Z,0.05,92.62
2029-04-18T00:00:00.000Z,0.24,93.09
2029-04-19T00:00:00.000Z,0.15,93.38
2029-04-20T00:00:00.000Z,-0.18,93.03
2029-04-21T00:00:00.000Z,-0.13,92.77
2029-04-22T00:00:00.000Z,0.29,93.33
2029-04-23T00:00:00.000Z,-0.05,93.23
2029-04-24T00:00:00.000Z,-0.07,93.09
2029-04-25T00:00:00.000Z,-0.21,92.69
2029-04-26T00:00:00.000Z,0.14,92.95
2029-04-27T00:00:00.000Z,0.55,94.0
2029-04-28T00:00:00.000Z,-0.24,93.54
2029-04-29T00:00:00.000Z,0.04,93.61
2029-04-30T00:00:00.000Z,0.38,94.35
2029-05-01T00:00:00.000Z,0.01,94.37
2029-05-02T00:00:00.000Z,0.14,94.65
2029-05-03T00:00:00.000Z,-0.24,94.19
2029-05-04T00:00:00.000Z,0.14,94.46
2029-05-05T00:00:00.000Z,-0.02,94.42
2029-05-06T00:00:00.000Z,0.28,94.96
2029-05-07T00:00:00.000Z,0.33,95.6
2029-05-08T00:00:00.000Z,0.68,96.92
2029-05-09T00:00:00.000Z,0.17,97.27
2029-05-10T00:00:00.000Z,0.11,97.49
2029-05-11T00:00:00.000Z,0.08,97.64
2029-05-12T00:00:00.000Z,-0.06,97.53
2029-05-13T00:00:00.000Z,0.11,97.75
2029-05-14T00:00:00.000Z,-0.04,97.67
2029-05-15T00:00:00.000Z,0.07,97.81
2029-05-16T00:00:00.000Z,0.36,98.52
2029-05-17T00:00:00.000Z,-0.22,98.08
2029-05-18T00:00:00.000Z,0.31,98.71
2029-05-19T00:00:00.000Z,0.36,99.42
2029-05-20T00:00:00.000Z,0.0,99.42
2029-05-21T00:00:00.000Z,-0.5,98.42
2029-05-22T00:00:00.000Z,-0.12,98.18
2029-05-23T00:00:00.000Z,0.35,98.88
2029-05-24T00:00:00.000Z,0.02,98.93
2029-05-25T00:00:00.000Z,-0.22,98.49
2029-05-26T00:00:00.000Z,-0.1,98.3
2029-05-27T00:00:00.000Z,0.24,98.78
2029-05-28T00:00:00.000Z,0.17,99.11
2029-05-29T00:00:00.000Z,-0.03,99.05
2029-05-30T00:00:00.000Z,-0.06,98.93
2029-05-31T00:00:00.000Z,-0.07,98.79
2029-06-01T00:00:00.000Z,-0.2,98.39
2029-06-02T00:00:00.000Z,0.43,99.25
2029-06-03T00:00:00.000Z,-0.05,99.15
2029-06-04T00:00:00.000Z,0.33,99.82
2029-06-05T00:00:00.000Z,0.41,100.64
2029-06-06T00:00:00.000Z,0.28,101.2
2029-06-07T00:00:00.000Z,-0.08,101.04
2029-06-08T00:00:00.000Z,0.13,101.31
2029-06-09T00:00:00.000Z,0.02,101.36
2029-06-10T00:00:00.000Z,-0.2,100.96
2029-06-11T00:00:00.000Z,0.11,101.18
2029-06-12T00:00:00.000Z,-0.26,100.65
2029-06-13T00:00:00.000Z,0.33,101.31
2029-06-14T00:00:00.000Z,-0.09,101.13
2029-06-15T00:00:00.000Z,0.08,101.3
2029-06-16T00:00:00.000Z,0.1,101.5
2029-06-17T00:00:00.000Z,-0.03,101.43
2029-06-18T00:00:00.000Z,0.18,101.78
2029-06-19T00:00:00.000Z,-0.09,101.61
2029-06-20T00:00:00.000Z,0.25,102.1
2029-06-21T00:00:00.000Z,-0.31,101.49
2029-06-22T00:00:00.000Z,0.06,101.61
2029-06-23T00:00:00.000Z,0.51,102.65
2029-06-24T00:00:00.000Z,-0.22,102.2
2029-06-25T00:00:00.000Z,-0.14,101.92
2029-06-26T00:00:00.000Z,0.16,102.24
2029-06-27T00:00:00.000Z,0.07,102.39
2029-06-28T00:00:00.000Z,0.12,102.63
2029-06-29T00:00:00.000Z,0.15,102.94
2029-06-30T00:00:00.000Z,0.19,103.32
2029-07-01T00:00:00.000Z,0.31,103.95
2029-07-02T00:00:00.000Z,0.13,104.22
2029-07-03T00:00:00.000Z,-0.03,104.15
2029-07-04T00:00:00.000Z,0.2,104.56
2029-07-05T00:00:00.000Z,0.5,105.59
2029-07-06T00:00:00.000Z,-0.0,105.58
2029-07-07T00:00:00.000Z,-0.21,105.15
2029-07-08T00:00:00.000Z,0.31,105.77
2029-07-09T00:00:00.000Z,-0.0,105.77
2029-07-10T00:00:00.000Z,-0.51,104.72
2029-07-11T00:00:00.000Z,0.24,105.21
2029-07-12T00:00:00.000Z,-0.1,105.0
2029-07-13T00:00:00.000Z,0.01,105.02
2029-07-14T00:00:00.000Z,0.11,105.25
2029-07-15T00:00:00.000Z,0.08,105.41
2029-07-16T00:00:00.000Z,0.21,105.83
2029-07-17T00:00:00.000Z,-0.08,105.67
2029-07-18T00:00:00.000Z,0.16,106.0
2029-07-19T00:00:00.000Z,-0.03,105.92
2029-07-20T00:00:00.000Z,0.21,106.37
2029-07-21T00:00:00.000Z,0.18,106.75
2029-07-22T00:00:00.000Z,-0.2,106.32
2029-07-23T00:00:00.000Z,0.3,106.95
2029-07-24T00:00:00.000Z,-0.1,106.73
2029-07-25T00:00:00.000Z,0.23,107.21
2029-07-26T00:00:00.000Z,0.12,107.46
2029-07-27T00:00:00.000Z,0.49,108.48
2029-07-28T00:00:00.000Z,-0.03,108.42
2029-07-29T00:00:00.000Z,-0.06,108.31
2029-07-30T00:00:00.000Z,0.03,108.36
2029-07-31T00:00:00.000Z,-0.05,108.26
2029-08-01T00:00:00.000Z,0.23,108.74
2029-08-02T00:00:00.000Z,-0.37,107.96
2029-08-03T00:00:00.000Z,-0.23,107.47
2029-08-04T00:00:00.000Z,-0.24,106.98
2029-08-05T00:00:00.000Z,0.27,107.54
2029-08-06T00:00:00.000Z,0.46,108.49
2029-08-07T00:00:00.000Z,0.0,108.49
2029-08-08T00:00:00.000Z,-0.01,108.47
2029-08-09T00:00:00.000Z,0.05,108.57
2029-08-10T00:00:00.000Z,0.32,109.24
2029-08-11T00:00:00.000Z,-0.2,108.81
2029-08-12T00:00:00.000Z,0.09,109.0
2029-08-13T00:00:00.000Z,0.27,109.57
2029-08-14T00:00:00.000Z,0.16,109.9
2029-08-15T00:00:00.000Z,0.08,110.06
2029-08-16T00:00:00.000Z,0.28,110.65
2029-08-17T00:00:00.000Z,-0.65,109.29
2029-08-18T00:00:00.000Z,0.2,109.71
2029-08-19T00:00:00.000Z,-0.13,109.43
2029-08-20T00:00:00.000Z,-0.43,108.53
2029-08-21T00:00:00.000Z,0.16,108.86
2029-08-22T00:00:00.000Z,0.37,109.64
2029-08-23T00:00:00.000Z,-0.0,109.63
2029-08-24T00:00:00.000Z,0.27,110.19
2029-08-25T00:00:00.000Z,0.43,111.1
2029-08-26T00:00:00.000Z,0.36,111.86
2029-08-27T00:00:00.000Z,0.44,112.79
2029-08-28T00:00:00.000Z,0.22,113.25
2029-08-29T00:00:00.000Z,0.05,113.36
2029-08-30T00:00:00.000Z,-0.37,112.57
2029-08-31T00:00:00.000Z,-0.03,112.5
2029-09-01T00:00:00.000Z,-0.18,112.11
2029-09-02T00:00:00.000Z,0.57,113.33
2029-09-03T00:00:00.000Z,-0.01,113.3
2029-09-04T00:00:00.000Z,0.06,113.43
2029-09-05T00:00:00.000Z,0.17,113.79
2029-09-06T00:00:00.000Z,0.04,113.88
2029-09-07T00:00:00.000Z,0.45,114.85
2029-09-08T00:00:00.000Z,-0.13,114.58
2029-09-09T00:00:00.000Z,0.08,114.74
2029-09-10T00:00:00.000Z,-0.16,114.41
2029-09-11T00:00:00.000Z,-0.3,113.77
2029-09-12T00:00:00.000Z,-0.12,113.5
2029-09-13T00:00:00.000Z,0.02,113.55
2029-09-14T00:00:00.000Z,-0.08,113.38
2029-09-15T00:00:00.000Z,-0.14,113.08
2029-09-16T00:00:00.000Z,-0.32,112.39
2029-09-17T00:00:00.000Z,0.01,112.41
2029-09-18T00:00:00.000Z,-0.35,111.68
2029-09-19T00:00:00.000Z,0.22,112.14
2029-09-20T00:00:00.000Z,0.05,112.25
2029-09-21T00:00:00.000Z,-0.33,111.54
2029-09-22T00:00:00.000Z,-0.05,111.44
2029-09-23T00:00:00.000Z,-0.16,111.11
2029-09-24T00:00:00.000Z,0.11,111.34
2029-09-25T00:00:00.000Z,0.37,112.11
2029-09-26T00:00:00.000Z,-0.44,111.18
2029-09-27T00:00:00.000Z,0.06,111.3
2029-09-28T00:00:00.000Z,-0.01,111.28
2029-09-29T00:00:00.000Z,0.2,111.7
2029-09-30T00:00:00.000Z,0.08,111.88
2029-10-01T00:00:00.000Z,-0.16,111.54
2029-10-02T00:00:00.000Z,-0.05,111.44
2029-10-03T00:00:00.000Z,-0.17,111.08
2029-10-04T00:00:00.000Z,0.3,111.71
2029-10-05T00:00:00.000Z,0.04,111.78
2029-10-06T00:00:00.000Z,0.51,112.85
2029-10-07T00:00:00.000Z,0.01,112.89
2029-10-08T00:00:00.000Z,-0.15,112.57
2029-10-09T00:00:00.000Z,-0.35,111.83
2029-10-10T00:00:00.000Z,-0.42,110.94
2029-10-11T00:00:00.000Z,-0.37,110.17
2029-10-12T00:00:00.000Z,0.1,110.37
2029-10-13T00:00:00.000Z,0.16,110.7
2029-10-14T00:00:00.000Z,-0.37,109.93
2029-10-15T00:00:00.000Z,0.25,110.47
2029-10-16T00:00:00.000Z,-0.09,110.28
2029-10-17T00:00:00.000Z,0.07,110.42
2029-10-18T00:00:00.000Z,0.43,111.33
2029-10-19T00:00:00.000Z,0.25,111.86
2029-10-20T00:00:00.000Z,-0.04,111.79
2029-10-21T00:00:00.000Z,-0.19,111.38
2029-10-22T00:00:00.000Z,-0.51,110.3
2029-10-23T00:00:00.000Z,-0.15,109.99
2029-10-24T00:00:00.000Z,-0.02,109.94
2029-10-25T00:00:00.000Z,-0.22,109.49
2029-10-26T00:00:00.000Z,-0.0,109.48
2029-10-27T00:00:00.000Z,0.05,109.58
2029-10-28T00:00:00.000Z,-0.03,109.53
2029-10-29T00:00:00.000Z,-0.13,109.25
2029-10-30T00:00:00.000Z,0.07,109.4
2029-10-31T00:00:00.000Z,0.14,109.7
2029-11-01T00:00:00.000Z,-0.24,109.19
2029-11-02T00:00:00.000Z,0.38,109.99
2029-11-03T00:00:00.000Z,0.01,110.0
2029-11-04T00:00:00.000Z,0.03,110.07
2029-11-05T00:00:00.000Z,0.21,110.51
2029-11-06T00:00:00.000Z,0.09,110.69
2029-11-07T00:00:00.000Z,0.27,111.26
2029-11-08T00:00:00.000Z,0.1,111.47
2029-11-09T00:00:00.000Z,-0.12,111.21
2029-11-10T00:00:00.000Z,0.12,111.47
2029-11-11T00:00:00.000Z,-0.26,110.92
2029-11-12T00:00:00.000Z,0.06,111.05
2029-11-13T00:00:00.000Z,0.02,111.09
2029-11-14T00:00:00.000Z,-0.02,111.04
2029-11-15T00:00:00.000Z,-0.0,111.04
2029-11-16T00:00:00.000Z,-0.44,110.11
2029-11-17T00:00:00.000Z,-0.11,109.89
2029-11-18T00:00:00.000Z,0.05,110.0
2029-11-19T00:00:00.000Z,0.07,110.14
2029-11-20T00:00:00.000Z,-0.23,109.67
2029-11-21T00:00:00.000Z,0.35,110.39
2029-11-22T00:00:00.000Z,-0.19,110.0
2029-11-23T00:00:00.000Z,0.27,110.57
2029-11-24T00:00:00.000Z,0.14,110.86
2029-11-25T00:00:00.000Z,-0.13,110.58
2029-11-26T00:00:00.000Z,0.47,111.58
2029-11-27T00:00:00.000Z,-0.27,111.01
2029-11-28T00:00:00.000Z,0.26,111.56
2029-11-29T00:00:00.000Z,0.28,112.15
2029-11-30T00:00:00.000Z,-0.14,111.86
2029-12-01T00:00:00.000Z,0.38,112.66
2029-12-02T00:00:00.000Z,-0.03,112.59
2029-12-03T00:00:00.000Z,0.1,112.81
2029-12-04T00:00:00.000Z,0.1,113.01
2029-12-05T00:00:00.000Z,-0.0,113.01
2029-12-06T00:00:00.000Z,0.23,113.5
2029-12-07T00:00:00.000Z,0.23,113.99
2029-12-08T00:00:00.000Z,-0.41,113.12
2029-12-09T00:00:00.000Z,0.36,113.88
2029-12-10T00:00:00.000Z,-0.39,113.05
2029-12-11T00:00:00.000Z,0.29,113.67
2029-12-12T00:00:00.000Z,0.31,114.33
2029-12-13T00:00:00.000Z,-0.24,113.81
2029-12-14T00:00:00.000Z,-0.07,113.66
2029-12-15T00:00:00.000Z,-0.25,113.13
2029-12-16T00:00:00.000Z,-0.02,113.08
2029-12-17T00:00:00.000Z,-0.05,112.98
2029-12-18T00:00:00.000Z,0.22,113.46
2029-12-19T00:00:00.000Z,0.36,114.22
2029-12-20T00:00:00.000Z,0.38,115.03
2029-12-21T00:00:00.000Z,-0.11,114.8
2029-12-22T00:00:00.000Z,-0.02,114.75
2029-12-23T00:00:00.000Z,-0.39,113.91
2029-12-24T00:00:00.000Z,-0.17,113.54
2029-12-25T00:00:00.000Z,0.27,114.12
2029-12-26T00:00:00.000Z,0.43,115.05
2029-12-27T00:00:00.000Z,-0.28,114.45
2029-12-28T00:00:00.000Z,-0.12,114.2
2029-12-29T00:00:00.000Z,0.02,114.25
2029-12-30T00:00:00.000Z,0.1,114.46
2029-12-31T00:00:00.000Z,-0.17,114.09
2030-01-01T00:00:00.000Z,0.14,114.38
2030-01-02T00:00:00.000Z,-0.09,114.19
2030-01-03T00:00:00.000Z,0.03,114.25
2030-01-04T00:00:00.000Z,0.17,114.61
2030-01-05T00:00:00.000Z,0.03,114.67
2030-01-06T00:00:00.000Z,-0.08,114.51
2030-01-07T00:00:00.000Z,0.0,114.51
2030-01-08T00:00:00.000Z,0.01,114.53
2030-01-09T00:00:00.000Z,-0.06,114.39
2030-01-10T00:00:00.000Z,-0.03,114.32
2030-01-11T00:00:00.000Z,0.43,115.24
2030-01-12T00:00:00.000Z,0.17,115.61
2030-01-13T00:00:00.000Z,-0.04,115.51
2030-01-14T00:00:00.000Z,0.2,115.95
2030-01-15T00:00:00.000Z,-0.05,115.84
2030-01-16T00:00:00.000Z,0.32,116.53
2030-01-17T00:00:00.000Z,0.12,116.8
2030-01-18T00:00:00.000Z,0.0,116.81
2030-01-19T00:00:00.000Z,0.14,117.11
2030-01-20T00:00:00.000Z,-0.36,116.33
2030-01-21T00:00:00.000Z,-0.25,115.78
2030-01-22T00:00:00.000Z,-0.27,115.2
2030-01-23T00:00:00.000Z,0.07,115.34
2030-01-24T00:00:00.000Z,0.46,116.34
2030-01-25T00:00:00.000Z,0.59,117.61
2030-01-26T00:00:00.000Z,0.19,118.03
2030-01-27T00:00:00.000Z,0.16,118.36
2030-01-28T00:00:00.000Z,-0.42,117.45
2030-01-29T00:00:00.000Z,-0.11,117.22
2030-01-30T00:00:00.000Z,-0.17,116.85
2030-01-31T00:00:00.000Z,-0.13,116.58
2030-02-01T00:00:00.000Z,-0.01,116.56
2030-02-02T00:00:00.000Z,-0.09,116.37
2030-02-03T00:00:00.000Z,-0.46,115.36
2030-02-04T00:00:00.000Z,0.22,115.83
2030-02-05T00:00:00.000Z,-0.24,115.31
2030-02-06T00:00:00.000Z,0.09,115.51
2030-02-07T00:00:00.000Z,0.55,116.69
2030-02-08T00:00:00.000Z,-0.2,116.26
2030-02-09T00:00:00.000Z,-0.6,114.95
2030-02-10T00:00:00.000Z,-0.04,114.86
2030-02-11T00:00:00.000Z,0.31,115.52
2030-02-12T00:00:00.000Z,0.52,116.64
2030-02-13T00:00:00.000Z,-0.28,116.04
2030-02-14T00:00:00.000Z,0.15,116.37
2030-02-15T00:00:00.000Z,-0.09,116.18
2030-02-16T00:00:00.000Z,0.0,116.19
2030-02-17T00:00:00.000Z,0.69,117.69
2030-02-18T00:00:00.000Z,-0.35,116.93
2030-02-19T00:00:00.000Z,0.09,117.14
2030-02-20T00:00:00.000Z,0.15,117.46
2030-02-21T00:00:00.000Z,0.3,118.11
2030-02-22T00:00:00.000Z,0.05,118.23
2030-02-23T00:00:00.000Z,0.11,118.46
2030-02-24T00:00:00.000Z,-0.07,118.31
2030-02-25T00:00:00.000Z,0.1,118.53
2030-02-26T00:00:00.000Z,-0.06,118.41
2030-02-27T00:00:00.000Z,0.19,118.81
2030-02-28T00:00:00.000Z,-0.06,118.67
2030-03-01T00:00:00.000Z,0.12,118.95
2030-03-02T00:00:00.000Z,0.02,118.99
2030-03-03T00:00:00.000Z,0.31,119.68
2030-03-04T00:00:00.000Z,0.02,119.71
2030-03-05T00:00:00.000Z,-0.41,118.81
2030-03-06T00:00:00.000Z,0.35,119.56
2030-03-07T00:00:00.000Z,-0.2,119.13
2030-03-08T00:00:00.000Z,-0.13,118.84
2030-03-09T00:00:00.000Z,-0.12,118.58
2030-03-10T00:00:00.000Z,0.37,119.4
2030-03-11T00:00:00.000Z,-0.5,118.29
2030-03-12T00:00:00.000Z,0.81,120.07
2030-03-13T00:00:00.000Z,0.29,120.71
2030-03-14T00:00:00.000Z,0.09,120.9
2030-03-15T00:00:00.000Z,0.02,120.94
2030-03-16T00:00:00.000Z,0.1,121.16
2030-03-17T00:00:00.000Z,0.16,121.52
2030-03-18T00:00:00.000Z,0.19,121.94
2030-03-19T00:00:00.000Z,0.17,122.32
2030-03-20T00:00:00.000Z,0.05,122.43
2030-03-21T00:00:00.000Z,-0.02,122.39
2030-03-22T00:00:00.000Z,-0.01,122.37
2030-03-23T00:00:00.000Z,-0.02,122.33
2030-03-24T00:00:00.000Z,0.31,123.03
2030-03-25T00:00:00.000Z,0.18,123.43
2030-03-26T00:00:00.000Z,-0.71,121.85
2030-03-27T00:00:00.000Z,0.19,122.28
2030-03-28T00:00:00.000Z,0.08,122.46
2030-03-29T00:00:00.000Z,0.03,122.51
2030-03-30T00:00:00.000Z,-0.07,122.36
2030-03-31T00:00:00.000Z,0.31,123.05
2030-04-01T00:00:00.000Z,0.27,123.65
2030-04-02T00:00:00.000Z,-0.16,123.28
2030-04-03T00:00:00.000Z,0.13,123.58
2030-04-04T00:00:00.000Z,-0.21,123.1
2030-04-05T00:00:00.000Z,-0.31,122.4
2030-04-06T00:00:00.000Z,-0.13,122.12
2030-04-07T00:00:00.000Z,0.25,122.66
2030-04-08T00:00:00.000Z,0.27,123.26
2030-04-09T00:00:00.000Z,0.16,123.62
2030-04-10T00:00:00.000Z,0.21,124.09
2030-04-11T00:00:00.000Z,0.16,124.44
2030-04-12T00:00:00.000Z,-0.13,124.15
2030-04-13T00:00:00.000Z,0.14,124.46
2030-04-14T00:00:00.000Z,0.23,124.98
2030-04-15T00:00:00.000Z,0.22,125.47
2030-04-16T00:00:00.000Z,0.33,126.21
2030-04-17T00:00:00.000Z,0.21,126.68
2030-04-18T00:00:00.000Z,0.12,126.94
2030-04-19T00:00:00.000Z,0.3,127.62
2030-04-20T00:00:00.000Z,0.02,127.67
2030-04-21T00:00:00.000Z,-0.19,127.24
2030-04-22T00:00:00.000Z,-0.01,127.21
2030-04-23T00:00:00.000Z,-0.16,126.86
2030-04-24T00:00:00.000Z,-0.14,126.54
2030-04-25T00:00:00.000Z,-0.01,126.53
2030-04-26T00:00:00.000Z,-0.17,126.15
2030-04-27T00:00:00.000Z,-0.05,126.04
2030-04-28T00:00:00.000Z,-0.44,125.04
2030-04-29T00:00:00.000Z,0.08,125.23
2030-04-30T00:00:00.000Z,0.03,125.3
2030-05-01T00:00:00.000Z,-0.17,124.9
2030-05-02T00:00:00.000Z,0.19,125.34
2030-05-03T00:00:00.000Z,0.26,125.94
2030-05-04T00:00:00.000Z,-0.37,125.1
2030-05-05T00:00:00.000Z,-0.16,124.73
2030-05-06T00:00:00.000Z,-0.16,124.37
2030-05-07T00:00:00.000Z,-0.2,123.91
2030-05-08T00:00:00.000Z,0.24,124.44
2030-05-09T00:00:00.000Z,-0.02,124.4
2030-05-10T00:00:00.000Z,-0.04,124.32
2030-05-11T00:00:00.000Z,-0.47,123.26
2030-05-12T00:00:00.000Z,0.19,123.68
2030-05-13T00:00:00.000Z,-0.28,123.06
2030-05-14T00:00:00.000Z,0.04,123.16
2030-05-15T00:00:00.000Z,0.1,123.38
2030-05-16T00:00:00.000Z,0.37,124.21
2030-05-17T00:00:00.000Z,-0.3,123.54
2030-05-18T00:00:00.000Z,-0.72,121.92
2030-05-19T00:00:00.000Z,0.08,122.09
2030-05-20T00:00:00.000Z,0.48,123.16
2030-05-21T00:00:00.000Z,0.34,123.91
2030-05-22T00:00:00.000Z,0.08,124.1
2030-05-23T00:00:00.000Z,-0.09,123.89
2030-05-24T00:00:00.000Z,0.23,124.41
2030-05-25T00:00:00.000Z,-0.21,123.93
2030-05-26T00:00:00.000Z,0.15,124.26
2030-05-27T00:00:00.000Z,0.16,124.61
2030-05-28T00:00:00.000Z,0.3,125.28
2030-05-29T00:00:00.000Z,0.72,126.9
2030-05-30T00:00:00.000Z,0.13,127.19
2030-05-31T00:00:00.000Z,-0.1,126.97
2030-06-01T00:00:00.000Z,0.02,127.02
2030-06-02T00:00:00.000Z,-0.41,126.09
2030-06-03T00:00:00.000Z,-0.14,125.76
2030-06-04T00:00:00.000Z,-0.07,125.6
2030-06-05T00:00:00.000Z,-0.1,125.37
2030-06-06T00:00:00.000Z,0.07,125.52
2030-06-07T00:00:00.000Z,-0.18,125.13
2030-06-08T00:00:00.000Z,0.31,125.83
2030-06-09T00:00:00.000Z,0.03,125.89
2030-06-10T00:00:00.000Z,0.03,125.96
2030-06-11T00:00:00.000Z,-0.05,125.84
2030-06-12T00:00:00.000Z,0.07,125.99
2030-06-13T00:00:00.000Z,0.24,126.53
2030-06-14T00:00:00.000Z,-0.19,126.11
2030-06-15T00:00:00.000Z,-0.13,125.8
2030-06-16T00:00:00.000Z,-0.05,125.7
2030-06-17T00:00:00.000Z,-0.31,125.01
2030-06-18T00:00:00.000Z,-0.17,124.61
2030-06-19T00:00:00.000Z,-0.09,124.41
2030-06-20T00:00:00.000Z,0.25,124.97
2030-06-21T00:00:00.000Z,0.1,125.19
2030-06-22T00:00:00.000Z,0.08,125.36
2030-06-23T00:00:00.000Z,0.24,125.91
2030-06-24T00:00:00.000Z,-0.0,125.9
2030-06-25T00:00:00.000Z,0.13,126.19
2030-06-26T00:00:00.000Z,0.0,126.2
2030-06-27T00:00:00.000Z,0.1,126.41
2030-06-28T00:00:00.000Z,-0.12,126.15
2030-06-29T00:00:00.000Z,-0.58,124.84
2030-06-30T00:00:00.000Z,-0.0,124.83
2030-07-01T00:00:00.000Z,0.39,125.7
2030-07-02T00:00:00.000Z,0.26,126.29
2030-07-03T00:00:00.000Z,0.27,126.91
2030-07-04T00:00:00.000Z,0.34,127.67
2030-07-05T00:00:00.000Z,0.05,127.79
2030-07-06T00:00:00.000Z,0.08,127.97
2030-07-07T00:00:00.000Z,-0.12,127.69
2030-07-08T00:00:00.000Z,-0.05,127.58
2030-07-09T00:00:00.000Z,0.18,128.0
2030-07-10T00:00:00.000Z,0.33,128.75
2030-07-11T00:00:00.000Z,-0.0,128.74
2030-07-12T00:00:00.000Z,-0.08,128.55
2030-07-13T00:00:00.000Z,0.03,128.62
2030-07-14T00:00:00.000Z,0.18,129.03
2030-07-15T00:00:00.000Z,-0.33,128.28
2030-07-16T00:00:00.000Z,-0.54,127.03
2030-07-17T00:00:00.000Z,-0.11,126.79
2030-07-18T00:00:00.000Z,-0.28,126.16
2030-07-19T00:00:00.000Z,-0.1,125.95
2030-07-20T00:00:00.000Z,-0.01,125.93
2030-07-21T00:00:00.000Z,-0.08,125.74
2030-07-22T00:00:00.000Z,0.39,126.63
2030-07-23T00:00:00.000Z,0.11,126.88
2030-07-24T00:00:00.000Z,0.11,127.12
2030-07-25T00:00:00.000Z,0.19,127.54
2030-07-26T00:00:00.000Z,-0.25,126.96
2030-07-27T00:00:00.000Z,0.29,127.62
2030-07-28T00:00:00.000Z,0.01,127.65
2030-07-29T00:00:00.000Z,0.2,128.1
2030-07-30T00:00:00.000Z,-0.24,127.55
2030-07-31T00:00:00.000Z,-0.36,126.74
2030-08-01T00:00:00.000Z,0.23,127.27
2030-08-02T00:00:00.000Z,0.12,127.55
2030-08-03T00:00:00.000Z,-0.2,127.11
2030-08-04T00:00:00.000Z,-0.19,126.68
2030-08-05T00:00:00.000Z,0.31,127.39
2030-08-06T00:00:00.000Z,-0.27,126.78
2030-08-07T00:00:00.000Z,0.44,127.78
2030-08-08T00:00:00.000Z,-0.2,127.33
2030-08-09T00:00:00.000Z,0.19,127.76
2030-08-10T00:00:00.000Z,-0.05,127.64
2030-08-11T00:00:00.000Z,0.18,128.06
2030-08-12T00:00:00.000Z,-0.11,127.81
2030-08-13T00:00:00.000Z,-0.01,127.79
2030-08-14T00:00:00.000Z,0.04,127.88
2030-08-15T00:00:00.000Z,-0.22,127.38
2030-08-16T00:00:00.000Z,0.22,127.87
2030-08-17T00:00:00.000Z,-0.1,127.64
2030-08-18T00:00:00.000Z,-0.03,127.58
2030-08-19T00:00:00.000Z,-0.22,127.09
2030-08-20T00:00:00.000Z,-0.61,125.7
2030-08-21T00:00:00.000Z,-0.02,125.66
2030-08-22T00:00:00.000Z,0.63,127.09
2030-08-23T00:00:00.000Z,0.23,127.6
2030-08-24T00:00:00.000Z,0.03,127.66
2030-08-25T00:00:00.000Z,-0.04,127.58
2030-08-26T00:00:00.000Z,0.04,127.66
2030-08-27T00:00:00.000Z,0.17,128.04
2030-08-28T00:00:00.000Z,-0.27,127.43
2030-08-29T00:00:00.000Z,0.31,128.13
2030-08-30T00:00:00.000Z,0.21,128.61
2030-08-31T00:00:00.000Z,0.21,129.09
2030-09-01T00:00:00.000Z,0.14,129.41
2030-09-02T00:00:00.000Z,0.03,129.49
2030-09-03T00:00:00.000Z,0.2,129.95
2030-09-04T00:00:00.000Z,0.18,130.35
2030-09-05T00:00:00.000Z,-0.06,130.22
2030-09-06T00:00:00.000Z,-0.11,129.96
2030-09-07T00:00:00.000Z,0.06,130.09
2030-09-08T00:00:00.000Z,0.42,131.05
2030-09-09T00:00:00.000Z,-0.28,130.4
2030-09-10T00:00:00.000Z,-0.34,129.62
2030-09-11T00:00:00.000Z,0.07,129.79
2030-09-12T00:00:00.000Z,0.04,129.89
2030-09-13T00:00:00.000Z,0.07,130.05
2030-09-14T00:00:00.000Z,0.09,130.26
2030-09-15T00:00:00.000Z,-0.03,130.2
2030-09-16T00:00:00.000Z,0.4,131.13
2030-09-17T00:00:00.000Z,-0.37,130.27
2030-09-18T00:00:00.000Z,-0.18,129.87
2030-09-19T00:00:00.000Z,0.0,129.88
2030-09-20T00:00:00.000Z,-0.38,129.0
2030-09-21T00:00:00.000Z,-0.01,128.97
2030-09-22T00:00:00.000Z,0.45,129.99
2030-09-23T00:00:00.000Z,0.04,130.07
2030-09-24T00:00:00.000Z,0.09,130.27
2030-09-25T00:00:00.000Z,-0.29,129.61
2030-09-26T00:00:00.000Z,-0.12,129.33
2030-09-27T00:00:00.000Z,-0.06,129.18
2030-09-28T00:00:00.000Z,-0.05,129.07
2030-09-29T00:00:00.000Z,0.35,129.87
2030-09-30T00:00:00.000Z,0.17,130.26
2030-10-01T00:00:00.000Z,-0.25,129.69
2030-10-02T00:00:00.000Z,0.09,129.9
2030-10-03T00:00:00.000Z,0.15,130.26
2030-10-04T00:00:00.000Z,0.32,130.98
2030-10-05T00:00:00.000Z,0.43,131.96
2030-10-06T00:00:00.000Z,-0.22,131.45
2030-10-07T00:00:00.000Z,-0.17,131.05
2030-10-08T00:00:00.000Z,-0.28,130.39
2030-10-09T00:00:00.000Z,-0.03,130.32
2030-10-10T00:00:00.000Z,0.15,130.66
2030-10-11T00:00:00.000Z,0.28,131.3
2030-10-12T00:00:00.000Z,0.01,131.33
2030-10-13T00:00:00.000Z,-0.05,131.21
2030-10-14T00:00:00.000Z,0.07,131.37
2030-10-15T00:00:00.000Z,-0.18,130.95
2030-10-16T00:00:00.000Z,0.55,132.23
2030-10-17T00:00:00.000Z,-0.37,131.36
2030-10-18T00:00:00.000Z,0.08,131.54
2030-10-19T00:00:00.000Z,0.54,132.78
2030-10-20T00:00:00.000Z,0.03,132.86
2030-10-21T00:00:00.000Z,-0.02,132.82
2030-10-22T00:00:00.000Z,-0.06,132.68
2030-10-23T00:00:00.000Z,-0.02,132.64
2030-10-24T00:00:00.000Z,0.37,133.51
2030-10-25T00:00:00.000Z,-0.52,132.29
2030-10-26T00:00:00.000Z,0.41,133.25
2030-10-27T00:00:00.000Z,-0.33,132.49
2030-10-28T00:00:00.000Z,-0.04,132.4
2030-10-29T00:00:00.000Z,-0.08,132.22
2030-10-30T00:00:00.000Z,0.18,132.64
2030-10-31T00:00:00.000Z,-0.37,131.78
2030-11-01T00:00:00.000Z,0.15,132.11
2030-11-02T00:00:00.000Z,0.54,133.36
2030-11-03T00:00:00.000Z,-0.31,132.63
2030-11-04T00:00:00.000Z,0.08,132.81
2030-11-05T00:00:00.000Z,-0.14,132.5
2030-11-06T00:00:00.000Z,0.14,132.81
2030-11-07T00:00:00.000Z,0.03,132.89
2030-11-08T00:00:00.000Z,-0.13,132.59
2030-11-09T00:00:00.000Z,0.15,132.94
2030-11-10T00:00:00.000Z,0.48,134.07
2030-11-11T00:00:00.000Z,-0.02,134.02
2030-11-12T00:00:00.000Z,0.21,134.52
2030-11-13T00:00:00.000Z,-0.29,133.83
2030-11-14T00:00:00.000Z,-0.21,133.34
2030-11-15T00:00:00.000Z,0.15,133.68
2030-11-16T00:00:00.000Z,0.4,134.62
2030-11-17T00:00:00.000Z,0.12,134.9
2030-11-18T00:00:00.000Z,-0.05,134.79
2030-11-19T00:00:00.000Z,0.03,134.86
2030-11-20T00:00:00.000Z,-0.28,134.19
2030-11-21T00:00:00.000Z,0.18,134.62
2030-11-22T00:00:00.000Z,0.25,135.2
2030-11-23T00:00:00.000Z,-0.08,135.01
2030-11-24T00:00:00.000Z,-0.09,134.8
2030-11-25T00:00:00.000Z,0.1,135.03
2030-11-26T00:00:00.000Z,-0.08,134.84
2030-11-27T00:00:00.000Z,0.01,134.88
2030-11-28T00:00:00.000Z,0.55,136.18
2030-11-29T00:00:00.000Z,-0.03,136.1
2030-11-30T00:00:00.000Z,-0.06,135.96
2030-12-01T00:00:00.000Z,-0.13,135.65
2030-12-02T00:00:00.000Z,0.22,136.16
2030-12-03T00:00:00.000Z,-0.02,136.13
2030-12-04T00:00:00.000Z,-0.13,135.81
2030-12-05T00:00:00.000Z,0.36,136.66
2030-12-06T00:00:00.000Z,0.38,137.57
2030-12-07T00:00:00.000Z,-0.12,137.29
2030-12-08T00:00:00.000Z,-0.44,136.25
2030-12-09T00:00:00.000Z,0.28,136.92
2030-12-10T00:00:00.000Z,-0.14,136.58
2030-12-11T00:00:00.000Z,0.23,137.12
2030-12-12T00:00:00.000Z,-0.46,136.03
2030-12-13T00:00:00.000Z,0.25,136.62
2030-12-14T00:00:00.000Z,-0.27,135.98
2030-12-15T00:00:00.000Z,0.21,136.48
2030-12-16T00:00:00.000Z,0.03,136.56
2030-12-17T00:00:00.000Z,-0.21,136.07
2030-12-18T00:00:00.000Z,-0.07,135.9
2030-12-19T00:00:00.000Z,0.2,136.37
2030-12-20T00:00:00.000Z,0.06,136.51
2030-12-21T00:00:00.000Z,0.18,136.92
2030-12-22T00:00:00.000Z,0.52,138.16
2030-12-23T00:00:00.000Z,-0.36,137.3
2030-12-24T00:00:00.000Z,0.43,138.33
2030-12-25T00:00:00.000Z,0.06,138.47
2030-12-26T00:00:00.000Z,-0.19,138.0
2030-12-27T00:00:00.000Z,-0.3,137.28
2030-12-28T00:00:00.000Z,-0.02,137.24
2030-12-29T00:00:00.000Z,0.26,137.86
2030-12-30T00:00:00.000Z,-0.0,137.86
2030-12-31T00:00:00.000Z,0.41,138.83
